Date,Open,High,Low,Close,Volume
2020-01-02,5.928333669430895,5.957137107849121,5.877927533796915,5.957137107849121,237536000
2020-01-03,5.83770244367291,5.905490488683201,5.812871628462756,5.861788272857666,205384000
2020-01-06,5.768671880034795,5.89158365585585,5.7425997425707305,5.886369228363037,262636000
2020-01-07,5.91467674815212,6.003322495503562,5.86973321074161,5.957633972167969,314856000
2020-01-08,5.953411633552689,6.010025817624691,5.91343436040509,5.968806743621826,277108000
2020-01-09,6.054970904760999,6.106618845916107,5.980727107752627,6.034361362457275,255112000
2020-01-10,6.141382428610203,6.171675845067106,6.052488493024343,6.066641807556152,316296000
2020-01-13,6.149576480886754,6.281923983662668,6.126980149927382,6.256844997406006,319840000
2020-01-14,6.214136170566636,6.2394638021876485,6.126980379230819,6.140141010284424,359088000
2020-01-15,6.152802399398932,6.175150079684374,6.071854219450912,6.097678184509277,263104000
2020-01-16,6.1510665656595895,6.187071227811606,6.1277257200512425,6.181111812591553,284192000
2020-01-17,6.200229116867411,6.207678501568275,6.142373602488057,6.189800262451172,253792000
2020-01-21,6.1533008348531135,6.190050478993046,6.122510605265829,6.156528949737549,217916000
2020-01-22,6.201720357984873,6.2968218681187,6.182848958433113,6.210411071777344,239240000
2020-01-23,6.250388482356197,6.287137649039151,6.161742732978473,6.278695106506348,244516000
2020-01-24,6.393911810141447,6.443573450537404,6.165469116815355,6.219600200653076,373512000
2020-01-27,5.915671727926478,6.015243176850921,5.766439113572667,5.9643402099609375,470536000
2020-01-28,6.0301406941602735,6.189553975862552,5.977002775723372,6.15727424621582,310976000
2020-01-29,6.142870530853688,6.178875180492705,6.057204262843044,6.096933841705322,258848000
2020-01-30,5.999348676845142,6.117046493141974,5.944473105422862,6.1036376953125,290504000
2020-01-31,6.057952095799293,6.069870927698751,5.82901305469723,5.870728492736816,370420000
2020-02-03,5.852599959031598,5.98693422980452,5.846392374463058,5.96756649017334,255564000
2020-02-04,6.1091010630333695,6.155534568985658,6.059191272083939,6.136414527893066,271544000
2020-02-05,6.257093118185327,6.267273804534784,6.143368372698854,6.226551532745361,208220000
2020-02-06,6.260817558047638,6.3132100105285645,6.179869362419789,6.3132100105285645,218284000
2020-02-07,6.273233532588743,6.295333049251141,6.221833756661078,6.247161388397217,189752000
2020-02-10,6.269756755214002,6.530479123908256,6.264790497583461,6.5297346115112305,529608000
2020-02-11,6.637748408041317,6.766371455351388,6.575919776508791,6.651901721954346,638556000
2020-02-12,6.704542714595026,6.773820731779094,6.66580675646444,6.767364501953125,374644000
2020-02-13,6.709508110864326,6.790704473225048,6.682194170230948,6.723661422729492,528016000
2020-02-14,7.132871714549635,7.324316519639701,7.101585147569159,7.195693492889404,1041924000
2020-02-18,7.092646240797741,7.382421154368142,7.073278500086372,7.364046096801758,620164000
2020-02-19,7.486213518147479,7.831857176120988,7.486213518147479,7.814227104187012,694332000
2020-02-20,7.76630358951414,7.854452522643423,7.358583160433912,7.665242671966553,810052000
2020-02-21,7.553257158608696,7.578336145082304,7.217297345134649,7.3019700050354,768180000
2020-02-24,6.709011544937188,6.999034626035026,6.654632306032912,6.785738468170166,856916000
2020-02-25,6.860728377866259,6.922557012925543,6.40533302083709,6.506890773773193,1055496000
2020-02-26,6.50713847933115,6.839622002158671,6.505648980883391,6.645942211151123,747732000
2020-02-27,6.333134697199436,6.6337662913052915,6.183812887697738,6.275990009307861,906416000
2020-02-28,6.024056858575295,6.769423944264948,6.007410467266816,6.710042953491211,1133252000
2020-03-02,6.879738703863825,6.896882208415457,6.484694089276187,6.868061065673828,890744000
2020-03-03,6.923715627771662,6.983344943140282,6.520968837432035,6.606189250946045,652792000
2020-03-04,6.713272364670828,7.0782537123650755,6.63873537880808,7.068812370300293,597408000
2020-03-05,6.8697998032135255,7.03626513615308,6.7455719569568915,6.790045738220215,540328000
2020-03-06,6.610908530328439,6.668302014749807,6.410156205287758,6.609914779663086,515412000
2020-03-09,5.960452643701263,6.444941485450852,5.917718514026595,6.098097324371338,614160000
2020-03-10,6.373883391447351,6.486682415008545,6.1117629836396725,6.486682415008545,580648000
2020-03-11,6.347049469826052,6.375373500467724,6.02679016858534,6.123687744140625,499964000
2020-03-12,5.601681521561961,5.86653526687341,5.361673438486858,5.374344825744629,816540000
2020-03-13,5.726905159414291,5.988280634003202,5.456337132448399,5.983808517456055,634836000
2020-03-16,5.277449252515875,5.6175855746941545,4.8200422407875925,4.879671573638916,726972000
2020-03-17,4.991723260570334,5.48739257970352,4.745503860622238,5.398196697235107,833632000
2020-03-18,4.971598580707773,5.2160788021116335,4.489097754797849,5.039178371429443,874268000
2020-03-19,5.0178107182895655,5.384780054624083,4.804884586490451,5.291360855102539,765512000
2020-03-20,5.441179660332024,5.7224315012787486,5.096571825269619,5.111976146697998,804636000
2020-03-23,5.110983586980154,5.378570849851826,4.932343917066287,5.284405708312988,643876000
2020-03-24,5.689635972329596,6.277482494566809,5.666032849202426,6.191019535064697,1101644000
2020-03-25,6.305805593471,6.505067080541429,6.053871523402629,6.102569103240967,793432000
2020-03-26,6.309283148194227,6.515004699825906,6.211391836527386,6.3912739753723145,696108000
2020-03-27,6.211392945580001,6.53736691560444,6.178596798409605,6.279221534729004,638828000
2020-03-30,6.344565416561682,6.60792883445587,6.3005887404953445,6.598735809326172,602252000
2020-03-31,6.638737263039747,6.842471369775912,6.403946662410681,6.549293518066406,949960000
2020-04-01,6.351769813017478,6.4978615949247445,5.994738920187565,6.039212226867676,656912000
2020-04-02,6.0682825701850485,6.36046665043996,6.020330892045501,6.347298622131348,675764000
2020-04-03,6.309782657987004,6.351274725727074,5.922937224558074,6.060084819793701,663212000
2020-04-06,6.341583273592423,6.705322589635028,6.284189783712524,6.668550968170166,727884000
2020-04-07,6.889677611131811,6.9132812099097904,6.39276612718909,6.435749053955078,784520000
2020-04-08,6.544573977472088,6.657373025581628,6.474757865170802,6.6325273513793945,542444000
2020-04-09,6.75799563614717,6.780853326872135,6.47028368318691,6.533143043518066,525564000
2020-04-13,6.4735117196256295,6.713271448048173,6.385310081928005,6.704575538635254,398408000
2020-04-14,6.832531266209441,7.088937428093513,6.804952670297664,7.054899215698242,530948000
2020-04-15,6.887192650096263,7.060366418638952,6.841973904473054,6.977630615234375,366148000
2020-04-16,7.132666503087581,7.42882556643318,7.119498475685138,7.3219895362854,745620000
2020-04-17,7.4039809765502635,7.425348280462446,7.129189174090118,7.2628583908081055,539120000
2020-04-20,7.136641723005758,7.2921748539610265,7.087695825238775,7.13192081451416,449388000
2020-04-21,7.0141527743230325,7.075272471908903,6.636500013605862,6.696129322052002,735160000
2020-04-22,6.88793701048303,7.152294134687176,6.842469952682461,7.109559535980225,483356000
2020-04-23,7.151548667594547,7.283229879784153,7.031295825709126,7.056389808654785,424160000
2020-04-24,7.04620405491623,7.197016283498686,6.971667057923223,7.195028781890869,352328000
2020-04-27,7.32919543452104,7.540631210935533,7.30459808693572,7.381122589111328,479388000
2020-04-28,7.5282088970585805,7.558023795022882,7.233540652145725,7.239006519317627,442904000
2020-04-29,7.373420867111231,7.468082631149315,7.298387223684967,7.415410041809082,379160000
2020-04-30,7.361493250975886,7.4154083722328785,7.2479492974371595,7.261862754821777,375916000
2020-05-01,7.0648386704493875,7.177886010573314,6.977630749433313,7.02583122253418,342096000
2020-05-04,6.978624046997186,7.250931680845557,6.978624046997186,7.237266540527344,317556000
2020-05-05,7.341122501683508,7.460381151792278,7.23726770291976,7.298139572143555,368896000
2020-05-06,7.377396825937487,7.503363884357336,7.339631445560252,7.398763656616211,323464000
2020-05-07,7.537649417392085,7.6377770415196595,7.486467694868089,7.574669361114502,373732000
2020-05-08,7.646224187677115,7.77045203954479,7.612434291582904,7.764240741729736,339216000
2020-05-11,7.759272663656854,8.062388970419114,7.730700310360557,8.015679359436035,469060000
2020-05-12,8.073320725621777,8.122017838593292,7.7446137913889,7.754303455352783,493060000
2020-05-13,7.868593117853469,8.028598386935984,7.5478366741451675,7.731942653656006,625852000
2020-05-14,7.793310708554394,7.986360909028499,7.640013385344732,7.980895042419434,602312000
2020-05-15,7.841014174290787,8.447991229472853,7.825361531965535,8.438302040100098,987660000
2020-05-18,8.706384284090324,8.861420771854155,8.626878538742194,8.696197509765625,774460000
2020-05-19,8.735947404468702,9.031360915832611,8.708617136112457,8.751103401184082,717320000
2020-05-20,8.935462935324942,8.9871417777898,8.833844433095647,8.914592742919922,587536000
2020-05-21,8.995588977205747,8.996582254257541,8.683528434138534,8.72104549407959,761068000
2020-05-22,8.770733780605472,9.03683055382397,8.659426119365394,8.970492362976074,1038764000
2020-05-26,9.100185812231855,9.12503194861191,8.618430459053387,8.663897514343262,770780000
2020-05-27,8.5717200048594,8.5794216903098,7.947350829276159,8.472586631774902,1175892000
2020-05-28,8.360285927330377,8.706385125248028,8.327489780511128,8.434575080871582,734896000
2020-05-29,8.501658565221103,8.82067584991455,8.432587896373802,8.82067584991455,745256000
2020-06-01,8.778685676901018,8.786139044935808,8.635823453606509,8.751852035522461,389876000
2020-06-02,8.741915542097436,8.78266169957155,8.604519169266093,8.770735740661621,391320000
2020-06-03,8.767754868250782,8.811482751931813,8.646259459334125,8.715330123901367,365440000
2020-06-04,8.67804533176041,8.892063372207687,8.62783444992384,8.716325759887695,424280000
2020-06-05,8.74416371287131,8.945504066976902,8.658158641672431,8.868945121765137,481748000
2020-06-08,8.826440228140672,8.838868493971896,8.63603657853043,8.75460433959961,387736000
2020-06-09,8.749633194746389,9.057609939303413,8.701162292308348,8.994224548339844,468488000
2020-06-10,9.115276667601618,9.445624603112948,9.101107479710079,9.31313705444336,632180000
2020-06-11,9.097626534337008,9.2082396818831,8.735710639738112,8.745902061462402,583652000
2020-06-12,9.110059416078007,9.134667518345411,8.653437455543614,8.881375312805176,570908000
2020-06-15,8.764793091830725,9.129692061605025,8.693701574447958,9.121240615844727,400004000
2020-06-16,9.17220189162035,9.213712893600825,8.788162066934026,9.016596794128418,535716000
2020-06-17,9.061586102861485,9.245775120270508,9.018334188607051,9.183135986328125,408304000
2020-06-18,9.174188600931451,9.229370971612544,9.062332316008169,9.165240287780762,254408000
2020-06-19,9.18959858782948,9.390938922555518,9.174435670130153,9.208240509033203,524160000
2020-06-22,9.246768868541754,9.476695050618543,9.220171418793713,9.472220420837402,398468000
2020-06-23,9.496331032385076,9.58730757963481,9.353653028688504,9.395909309387207,375108000
2020-06-24,9.422013440147458,9.501804874068604,9.092162257590573,9.182641983032227,449372000
2020-06-25,9.30220288867256,9.450598693665341,9.129695847070474,9.435684204101562,376072000
2020-06-26,9.445624728572614,9.445624728572614,9.0727711208658,9.102599143981934,592084000
2020-06-29,9.117265272317514,9.151816358411867,8.849058649941636,9.14734172821045,342248000
2020-06-30,9.260690499073652,9.47172542178639,9.213462711530727,9.443388938903809,367892000
2020-07-01,9.466256631521325,9.520942134354888,9.359123415191961,9.47545337677002,326648000
2020-07-02,9.583830317693366,9.681766795044908,9.52342801780693,9.557233810424805,364056000
2020-07-06,9.685993330757256,9.852037332291824,9.656910597586103,9.78293514251709,315892000
2020-07-07,9.889323129713429,10.012364587676132,9.794369726464941,9.8152494430542,357800000
2020-07-08,9.936548129608003,10.166475276441442,9.908460082794605,10.157526016235352,365480000
2020-07-09,10.320837695475568,10.509501363844844,10.174927184561719,10.448850631713867,494548000
2020-07-10,10.528142745112083,10.594261828840493,10.31934469038557,10.419269561767578,497676000
2020-07-13,10.534357598250097,10.730478013100093,9.967619466000675,9.99471378326416,457076000
2020-07-14,10.01733260465022,10.343206836594302,9.729489407314276,10.317604064941406,542676000
2020-07-15,10.354643532436837,10.373285456655864,9.9981949595581,10.168713569641113,403984000
2020-07-16,9.95767661924684,10.148328658378837,9.838860452437093,10.076741218566895,344964000
2020-07-17,10.16697689858256,10.189845028416856,10.030015604002152,10.14311408996582,266284000
2020-07-20,10.215445849899917,10.470974892299653,10.098618052123475,10.450592041015625,284852000
2020-07-21,10.452826194760581,10.49955806042744,10.227871487131212,10.26938247680664,277036000
2020-07-22,10.308161365872728,10.541815989518545,10.23259614351377,10.379003524780273,367292000
2020-07-23,10.390189182924372,10.486634124309322,9.973836090293624,10.071772575378418,411660000
2020-07-24,9.818479092225905,10.305425850353402,9.721040433377166,10.136150360107422,473292000
2020-07-27,10.17368489136173,10.381985159654809,10.15926726913902,10.361851692199707,292132000
2020-07-28,10.314871041356408,10.32257624250495,10.15081549413575,10.157029151916504,271636000
2020-07-29,10.331277485949975,10.456058901678837,10.287778082878747,10.405599594116211,284508000
2020-07-30,10.315621656996047,10.562202444106603,10.236328022609444,10.553254127502441,308880000
2020-07-31,10.50279052923152,10.704878102033073,10.37328604155994,10.553996086120605,386080000
2020-08-03,10.671070091242163,11.035223811270463,10.65391876498306,10.947230339050293,412720000
2020-08-04,10.986752340660678,11.163484573364258,10.843576512922905,11.163484573364258,310336000
2020-08-05,11.1796422711166,11.306660504702798,11.102337090051451,11.222146987915039,249924000
2020-08-06,11.284788588104904,11.292991603889252,11.114767787246265,11.270620346069336,244316000
2020-08-07,11.247750090326356,11.438899949925162,10.974324500566038,11.135396957397461,342516000
2020-08-10,11.269378890384155,11.342954759845608,10.79436251780805,11.101097106933594,427796000
2020-08-11,11.010368494518175,11.073008586632106,10.733959759991317,10.7878999710083,354512000
2020-08-12,10.927841038864878,11.401364757603481,10.895526798098468,11.374768257141113,464412000
2020-08-13,11.479916428422287,11.654661258068517,11.290755870974403,11.377506256103516,374460000
2020-08-14,11.464006479493863,11.637756604352083,11.375019266250126,11.497812271118164,366436000
2020-08-17,11.78341797703203,12.338721639164778,11.749613132917666,12.266387939453125,621300000
2020-08-18,12.378743390949941,12.424480592120492,12.017075773384475,12.190576553344727,503448000
2020-08-19,12.226120712995726,12.244514205502846,12.028756205783154,12.069025039672852,622624000
2020-08-20,11.906461947059135,12.304172183815249,11.810762299072946,12.071511268615723,921388000
2020-08-21,12.131912481796963,12.735438636151011,12.125449442125898,12.610905647277832,999868000
2020-08-24,12.810010684230033,12.838596552750959,12.435913860335274,12.647446632385254,490564000
2020-08-25,12.558456133077177,12.688209041803288,12.501782219926314,12.677023887634277,289076000
2020-08-26,12.725991685415721,12.79484543135099,12.605187089337212,12.699892044067383,321244000
2020-08-27,12.70834567743216,12.776454137419815,12.494576065951163,12.555973052978516,317604000
2020-08-28,12.602454409975303,13.07274675410688,12.570140159294503,13.072498321533203,537160000
2020-08-31,13.107297710621298,13.497302711489002,12.963128117456806,13.297950744628906,500840000
2020-09-01,13.406855757117219,13.917818175661797,13.363591845452834,13.74600601196289,511316000
2020-09-02,14.62396658977693,14.64684250423329,13.824577727830716,14.268655776977539,874012000
2020-09-03,13.753713485703926,13.809160874427366,12.80886846988595,12.944876670837402,945128000
2020-09-04,12.71438074626908,13.103508301994463,11.641236233560134,12.554006576538086,1463684000
2020-09-08,11.670827490333822,12.481902772745954,11.640742031689909,11.848359107971191,795728000
2020-09-09,12.332716222048454,12.739745856584113,12.165379076629385,12.646007537841797,736200000
2020-09-10,12.918769110397905,12.994356938663318,12.100980363374202,12.244945526123047,698684000
2020-09-11,12.417751873748696,12.583845521051666,11.83120166985141,12.098493576049805,636928000
2020-09-14,13.010023410133604,13.242752993061371,12.562713786469418,12.80240535736084,1201744000
2020-09-15,13.207938797341011,13.226587244377473,12.758143300838443,12.920507431030273,727556000
2020-09-16,12.88694277948844,13.02170750232912,12.445849671255177,12.446595191955566,556384000
2020-09-17,12.066419314288503,12.52143733948817,11.969448508524536,12.395872116088867,792512000
2020-09-18,12.525412994162199,12.563952422932113,11.923696338853885,12.12310791015625,698460000
2020-09-21,11.86029406096583,12.454551820156114,11.839905113708335,12.44933032989502,721044000
2020-09-22,12.506767294795011,12.579371147984176,12.08954412011194,12.56917667388916,646452000
2020-09-23,12.507262859802452,12.657941494631,12.013706388530835,12.057964324951172,647012000
2020-09-24,12.006745263131892,12.50129674587653,11.948810907879453,12.280998229980469,731240000
2020-09-25,12.37995930307491,12.81359341042278,12.179304208660158,12.803895950317383,588016000
2020-09-28,12.969492081929529,12.980930038377432,12.680817182936027,12.96427059173584,573808000
2020-09-29,12.867301008299274,13.369809494477751,12.863074493765462,13.153986930847168,621460000
2020-09-30,13.086103752297042,13.548580675580677,13.078893259891974,13.457079887390137,689184000
2020-10-01,13.683348208064956,13.688071736035704,13.387710370072455,13.540626525878906,525004000
2020-10-02,13.153241172734813,13.44614260834066,12.980184565391687,12.991374015808105,552496000
2020-10-05,13.164181528727003,13.570216220179136,13.151003074175092,13.568475723266602,479820000
2020-10-06,13.754957214450531,14.065264550133465,13.590852555868134,13.661964416503906,784420000
2020-10-07,13.923786729329015,14.042638475157641,13.788275536042313,13.888230323791504,418084000
2020-10-08,13.998625545872363,14.008074497442983,13.683346224032253,13.763657569885254,378900000
2020-10-09,13.692298713449562,13.749238090470126,13.586625429092514,13.688071250915527,346892000
2020-10-12,13.913591020870141,14.269151250700197,13.837009167737346,14.148807525634766,434744000
2020-10-13,14.218924969070205,14.270642853771273,13.942682072541785,14.170936584472656,344604000
2020-10-14,14.212956496432877,14.264922886129455,13.884250206462303,14.018766403198242,276100000
2020-10-15,13.7358113145266,13.929752918930133,13.693044417342875,13.894197463989258,267224000
2020-10-16,13.96058405122219,14.044874357852594,13.717659097272511,13.736556053161621,242392000
2020-10-19,13.827559686516892,13.907622529912283,13.334002276993704,13.424509048461914,298068000
2020-10-20,13.509794010029397,13.724871025768707,13.433709170027877,13.571457862854004,229212000
2020-10-21,13.55106984318131,13.716666494155783,13.404370150058263,13.451363563537598,219596000
2020-10-22,13.449127329584885,13.537892674582903,13.159954430178722,13.288503646850586,290480000
2020-10-23,13.37701796276027,13.519491128255543,13.21912978294742,13.516507148742676,233484000
2020-10-26,13.354142321801762,13.618450238161603,12.967750191982374,13.069942474365234,336896000
2020-10-27,13.23379931227968,13.369061984732776,13.11992056172702,13.324057579040527,250520000
2020-10-28,13.126385854290977,13.188049707227659,12.540582096891148,12.558484077453613,376520000
2020-10-29,12.768838326092173,13.121166120183615,12.680818504298344,12.95333194732666,320080000
2020-10-30,12.780274436354883,12.86630429338477,12.233258625540165,12.465989112854004,416820000
2020-11-02,12.589069276227741,12.767097924979993,12.327745281962157,12.512487411499023,299652000
2020-11-03,12.63954302876551,13.033891238095508,12.53436674945058,12.94885540008545,272900000
2020-11-04,13.316598246406535,13.752470792021674,13.264631851760678,13.719400405883789,410228000
2020-11-05,14.085651180634382,14.261192818538987,13.91508157682387,14.08316421508789,319028000
2020-11-06,14.03318712124654,14.509588050674013,13.819603063155224,14.482983589172363,383348000
2020-11-09,14.473537042533199,14.61178275956872,13.536897458927408,13.556788444519043,582976000
2020-11-10,13.53266964084014,13.53266964084014,12.55972815670973,12.700709342956543,644068000
2020-11-11,12.982918253581106,13.362099908071459,12.877990493799244,13.345191955566406,404744000
2020-11-12,13.405861285173073,13.691303689939454,13.243745638126441,13.383731842041016,365812000
2020-11-13,13.55330655700008,13.59458146386751,12.988388755362086,13.224848747253418,346312000
2020-11-16,13.101022892269615,13.57543482478266,13.084612902797199,13.441913604736328,413776000
2020-11-17,13.478962824136428,13.52247524343966,13.231562827098397,13.349419593811035,312028000
2020-11-18,13.392184564746637,13.531922248694801,13.113455665930692,13.35588264465332,510924000
2020-11-19,13.14105457354579,13.414313464918354,13.028916331604549,13.36732006072998,565936000
2020-11-20,13.380998788450635,13.421278723505878,12.994108622693009,13.016736030578613,341088000
2020-11-23,13.09978409118747,13.309887218980153,12.944878906259452,13.068703651428223,361356000
2020-11-24,13.071185886209618,13.090579854954449,12.815083440234448,12.887438774108887,346500000
2020-11-25,12.96178411756884,13.197497637148764,12.94935213399809,13.162936210632324,259916000
2020-11-27,13.302424222397182,13.33474813562024,13.09903368840049,13.189291000366211,167276000
2020-11-30,13.193021446045464,13.339721115566775,12.901859617237223,13.328780174255371,286952000
2020-12-01,13.419039943942463,13.455341867991653,13.156471550429629,13.317344665527344,296948000
2020-12-02,13.278060696110973,13.599308062330183,13.1624414271629,13.47100830078125,283360000
2020-12-03,13.517764495771466,13.589892631736793,13.260592045398973,13.327247619628906,199520000
2020-12-04,13.379479051472986,13.490407545452614,13.320036096172974,13.488666534423828,202244000
2020-12-07,13.531446072669704,13.660779007324052,13.430716006232535,13.536917686462402,223244000
2020-12-08,13.515277208917487,13.528956715154852,13.213334699311595,13.28148365020752,271920000
2020-12-09,13.232236003515796,13.345153115732616,12.802204474515289,12.864383697509766,401300000
2020-12-10,12.802954326775467,13.00167911942457,12.783553675745933,12.90567398071289,207764000
2020-12-11,12.900699188489625,12.953179048728904,12.757189593634664,12.946463584899902,209264000
2020-12-14,13.020830120753207,13.320036392826733,13.01038405434784,13.240447044372559,270156000
2020-12-15,13.3707718895099,13.39489745979019,13.11907107095995,13.291929244995117,193016000
2020-12-16,13.353611291227617,13.36828606791019,13.144689037378825,13.174535751342773,223116000
2020-12-17,13.2981479389699,13.310833124873806,13.110864499454864,13.27277946472168,231384000
2020-12-18,13.310335327964504,13.336201912214122,13.003419287690592,13.203885078430176,342064000
2020-12-21,13.007646335173467,13.301380961244586,12.900946562414616,13.263824462890625,302332000
2020-12-22,13.250891065643227,13.268798334208665,12.987002216302992,13.210101127624512,185580000
2020-12-23,13.187964500320144,13.206867037891026,12.938253278699113,12.94248104095459,179144000
2020-12-24,12.97033968408649,13.065100970275514,12.872345904910631,12.92706298828125,97884000
2020-12-28,12.995460029586082,12.995460029586082,12.697746203513814,12.833793640136719,212564000
2020-12-29,12.858664715222053,13.005407733251095,12.776339097439232,12.87682056427002,170372000
2020-12-30,12.923580958552987,13.145934160333939,12.830561632243954,13.078283309936523,225396000
2020-12-31,13.069081697926531,13.083506947592985,12.84871807733126,12.98799991607666,192424000
2021-01-04,13.036996628743378,13.582433110247534,12.895973780811365,13.046198844909668,560640000
2021-01-05,13.032516872741898,13.374502622372711,13.019832636772176,13.335951805114746,322760000
2021-01-06,13.154638288108194,13.177022849780169,12.521405575778882,12.549758911132812,580424000
2021-01-07,12.900946780331147,13.309091919233424,12.820363118117218,13.275514602661133,461480000
2021-01-08,13.293919104792138,13.352118201712143,12.975063652438749,13.208608627319336,292528000
2021-01-11,13.349882219992052,13.88934991932038,13.293921285257271,13.551591873168945,518344000
2021-01-12,13.68191920101054,13.683909741204818,13.276511249736272,13.415543556213379,291476000
2021-01-13,13.420763670245865,13.555071023692324,13.316303027862848,13.462299346923828,210028000
2021-01-14,13.505328397210821,13.529951129095025,13.112853322479959,13.132501602172852,283120000
2021-01-15,13.16010939853899,13.25686026552302,12.782557674546371,12.793500900268555,277780000
2021-01-19,12.949446142963154,13.02679731028673,12.77808038942773,12.95840072631836,226188000
2021-01-20,13.04445641294081,13.36157087660753,12.989739333786316,13.29715347290039,258572000
2021-01-21,13.349632577259866,13.927402474262239,13.184982279201542,13.7963285446167,337780000
2021-01-22,13.669480325264736,13.770708473479296,13.557308952457124,13.642121315002441,246820000
2021-01-25,13.711018054558481,13.757528189213795,13.168566485898285,13.58317756652832,251112000
2021-01-26,13.51080260198124,13.574722854293821,13.318793264703206,13.36629867553711,163980000
2021-01-27,13.162099460401164,13.164835741319445,12.728088683861888,12.851452827453613,371272000
2021-01-28,12.92954887671929,13.271286051874542,12.893981971050982,12.984017372131348,228316000
2021-01-29,13.00789280284213,13.266310008842897,12.84523212819906,12.923080444335938,271552000
2021-02-01,12.986258366188409,13.202641846107586,12.83653046690739,13.169065475463867,217204000
2021-02-02,13.329984932916615,13.502345023877039,13.217315428489607,13.487174034118652,220440000
2021-02-03,13.566015475389744,13.860248208938296,13.447129576053145,13.461057662963867,245408000
2021-02-04,13.46155462652012,13.60332319408904,13.269296744638849,13.594120979309082,201340000
2021-02-05,13.654559959985026,13.666747036533561,13.476229206080044,13.521246910095215,169152000
2021-02-08,13.656799251100956,14.39946808686002,13.656799251100956,14.36464786529541,434624000
2021-02-09,14.267148904678315,14.508404628817875,14.149505903817214,14.190047264099121,287560000
2021-02-10,14.389017977701,14.828500284484402,14.26789297724074,14.688472747802734,485352000
2021-02-11,14.903367720561645,15.193868916559543,14.848401111304003,15.172478675842285,450828000
2021-02-12,14.972759615299346,15.212771494540394,14.699170418654422,14.884465217590332,374756000
2021-02-16,14.986936092155004,15.293604492895591,14.873272272609666,15.251570701599121,321960000
2021-02-17,15.093136657546811,15.14536793027898,14.704143611075722,14.829497337341309,274756000
2021-02-18,14.653407246591904,14.796916836680797,14.500197331565527,14.752894401550293,233868000
2021-02-19,14.947390182953654,15.099107664393724,14.770552807333134,14.849893569946289,271724000
2021-02-22,14.698922288674808,15.055582861112889,14.251480563869782,14.282073020935059,325884000
2021-02-23,14.003010965897,14.165672613131727,13.320780447752483,14.069418907165527,391780000
2021-02-24,14.050268938182565,14.43229798344174,13.68540047372523,14.42458724975586,448320000
2021-02-25,13.973416830192615,14.300977418786859,13.148423242582279,13.239204406738281,824436000
2021-02-26,13.681917670854737,13.783394411878966,13.29242744323524,13.644113540649414,500932000
2021-03-01,13.803791109861447,13.853534691004315,13.483692697486628,13.770711898803711,353184000
2021-03-02,13.828659823403687,13.849054792199592,13.32724682102197,13.337444305419922,264116000
2021-03-03,13.357343042088633,13.382462935621067,12.733063022967233,12.739032745361328,377592000
2021-03-04,12.735053297663734,12.90840960500294,12.021733103971219,12.3067626953125,573344000
2021-03-05,12.48558876020493,12.48558876020493,11.619307359237807,12.397542953491211,542840000
2021-03-08,12.386102995034543,12.40724370649822,11.507137260717878,11.533750534057617,543112000
2021-03-09,12.072160122978335,12.556330138602013,12.001500032074086,12.46029281616211,521824000
2021-03-10,12.779009616841924,12.917841248683985,12.397844294613398,12.40854263305664,384376000
2021-03-11,12.887982786943063,12.983772381108242,12.673514929162938,12.9312744140625,299916000
2021-03-12,12.587675358151452,12.827024017393462,12.529704849600746,12.79443073272705,243964000
2021-03-15,12.803141162521834,13.143503346507048,12.706108237775904,13.128077507019043,221988000
2021-03-16,13.292537069306986,13.447790141533767,13.0539352931175,13.22760009765625,272128000
2021-03-17,12.977305373429337,13.388825038522612,12.927295957365558,13.277361869812012,243864000
2021-03-18,13.07358935587392,13.120861535601579,12.656098001762194,12.661571502685547,293896000
2021-03-19,12.688940826273994,12.859619725532603,12.552099497380718,12.784232139587402,299208000
2021-03-22,12.850912459188029,13.330354946608361,12.844940676234321,13.123102188110352,297804000
2021-03-23,13.190776400457926,13.280594218123273,12.958892409753085,13.008155822753906,222048000
2021-03-24,13.088271002303621,13.096233063845542,12.576235180945393,12.582454681396484,245840000
2021-03-25,12.439642442353005,12.653861664457352,12.21323193641956,12.475220680236816,295144000
2021-03-26,12.494377029182635,12.794682152334557,12.314244068153682,12.777763366699219,363968000
2021-03-29,12.75885368993943,12.999944000887075,12.63917981486877,12.88624095916748,273520000
2021-03-30,12.78050268700151,12.913114819439107,12.644158664289982,12.810110092163086,200204000
2021-03-31,12.953171610679242,13.405992636649641,12.92032964824426,13.28432846069336,314776000
2021-04-01,13.507253333989027,13.803576941304831,13.446544640826513,13.745606422424316,308276000
2021-04-05,13.801088900176397,13.946886947789313,13.667232519024436,13.920514106750488,255672000
2021-04-06,13.932708540949296,13.986947180883924,13.707542304084875,13.795120239257812,191744000
2021-04-07,13.814276132527263,14.175289010956332,13.645837117597932,14.07576847076416,251284000
2021-04-08,14.184494625705307,14.40219704194107,14.180761787034063,14.24843692779541,244416000
2021-04-09,14.145930293598289,14.339001489543403,14.107117501169766,14.331039428710938,195172000
2021-04-12,14.221317360385132,15.278977778996202,14.071537799554179,15.136164665222168,869324000
2021-04-13,15.15855755137292,15.624814088647074,15.05331389396944,15.604412078857422,676212000
2021-04-14,15.550175240850045,15.645217904329263,15.154578744758526,15.203842163085938,385500000
2021-04-15,15.587492029138685,16.13659985814199,15.556640352730028,16.059968948364258,598480000
2021-04-16,15.976124276327353,16.08833533705713,15.789273517405002,15.836297988891602,335208000
2021-04-19,15.46209667219749,15.731798779412195,15.160049939654558,15.288183212280273,404420000
2021-04-20,15.24986813446878,15.422785985221951,14.89134381807293,15.098596572875977,334132000
2021-04-21,15.04634851396947,15.28893180639827,15.029928007995823,15.286941528320312,216776000
2021-04-22,15.301371562848711,15.364567873838729,14.712703881625139,14.779134750366211,277788000
2021-04-23,14.862730170890476,15.26156114974352,14.828893550222844,15.192145347595215,227500000
2021-04-26,15.112280196193051,15.404871918096893,15.05256711564777,15.403876304626465,197796000
2021-04-27,15.503896739298003,15.595456172950886,15.280969463843478,15.308089256286621,164572000
2021-04-28,15.290921556787088,15.457868581848174,15.1426349303623,15.203591346740723,209416000
2021-04-29,15.326250200272115,15.362575381790093,14.999323566610313,15.251360893249512,173196000
2021-04-30,15.101831865428135,15.291418896124943,14.925181167243966,14.937621116638184,201912000
2021-05-03,15.052567032150492,15.173733855204558,14.716683684629688,14.765697479248047,203912000
2021-05-04,14.567153783566326,14.567402449672667,13.94315656113804,14.282523155212402,405324000
2021-05-05,14.63855847088675,14.742558788944459,14.318598303856616,14.38925838470459,292024000
2021-05-06,14.42583403228446,14.501470291554716,14.1499124041879,14.453451156616211,193380000
2021-05-07,14.737336239196171,14.899057484920897,14.601489557572949,14.741316795349121,229328000
2021-05-10,14.716438690369428,14.735099093114853,14.181761822182281,14.197436332702637,268904000
2021-05-11,13.758791607695967,14.286004495234742,13.684150974022726,14.237736701965332,285584000
2021-05-12,13.94241106998926,14.191960821269014,13.643599798612323,13.69261360168457,303408000
2021-05-13,13.96654570942918,14.01332151977926,13.39454808651156,13.599810600280762,285404000
2021-05-14,13.823484928887614,14.259387193283878,13.68266206294746,14.17479419708252,258616000
2021-05-17,14.089203532423051,14.101394815593933,13.787157729474968,14.097662925720215,216980000
2021-05-18,14.198678365986758,14.335271049826762,13.936937334846162,13.948631286621094,186256000
2021-05-19,13.501528822514027,14.012072516650933,13.478390540391473,13.998388290405273,344000000
2021-05-20,14.23400657092492,14.613431183534683,14.202160225647615,14.542522430419922,321592000
2021-05-21,15.09113341773736,15.149104894905113,14.79829298748573,14.919957160949707,672992000
2021-05-24,15.139647605689639,15.669597751616458,15.10332242541384,15.537235260009766,554816000
2021-05-25,15.690499512719473,15.742747872729003,15.408357419560648,15.572815895080566,435408000
2021-05-26,15.658899315983863,15.718114114485589,15.51160831799245,15.624813079833984,370440000
2021-05-27,15.624565789324397,15.67457520145046,15.385964013483283,15.413829803466797,581476000
2021-05-28,15.426769637119651,16.199550904569822,15.426769637119651,16.16670799255371,644536000
2021-06-01,16.192085626438377,16.30976923688421,15.827091228848875,16.18661117553711,472804000
2021-06-02,16.17442249509747,16.837730875688383,16.157752372791514,16.69790267944336,594168000
2021-06-03,16.62077215706791,17.1763491798281,16.503585882792244,16.88848304748535,580008000
2021-06-04,17.03054328195721,17.576416441699127,17.01362639992551,17.494064331054688,617120000
2021-06-07,17.487106098679014,17.727199894884183,17.11041866627379,17.534626007080078,575756000
2021-06-08,17.443318614261905,17.53711701168591,17.168390640592385,17.37340545654297,323848000
2021-06-09,17.435864226348606,17.4948438746544,17.17704981871262,17.279081344604492,381656000
2021-06-10,17.270870846616056,17.412223413314685,17.097664634985957,17.34552764892578,287772000
2021-06-11,17.399781657404368,17.857436015238456,17.364195263212135,17.743955612182617,416308000
2021-06-14,17.82433244551483,17.957222713161077,17.582191993695638,17.936567306518555,321376000
2021-06-15,17.833292979468382,17.9340808879031,17.64714558818746,17.707368850708008,243032000
2021-06-16,17.709607366236927,17.87285892613583,17.504296927782022,17.72901725769043,307124000
2021-06-17,17.693435236474446,18.749097779560163,17.675268955812072,18.572158813476562,809656000
2021-06-18,18.698329309981435,19.286633450241315,18.499240721357857,18.553741455078125,968856000
2021-06-21,18.351173158185755,18.451962990256742,17.741467297516483,18.343210220336914,672384000
2021-06-22,18.38725647206684,18.877261882587188,18.302145702434846,18.80061149597168,580144000
2021-06-23,18.921061246552416,19.065400403264565,18.821516935073355,18.970335006713867,332356000
2021-06-24,19.14006003501539,19.331432554333333,19.0011946790379,19.117910385131836,320924000
2021-06-25,19.192560897393633,19.257264960130943,18.80832178543428,18.944198608398438,278364000
2021-06-28,19.27294637389471,19.987174655201073,19.23088938832883,19.89385223388672,495436000
2021-06-29,19.79181849083902,20.007081674259897,19.567346857383377,19.93541145324707,367632000
2021-06-30,19.908040564289646,20.07054600562494,19.773158579736535,19.91127586364746,326568000
2021-07-01,20.033214626548176,20.36270439094077,19.927697171358744,20.11981773376465,480136000
2021-07-02,20.3470264154675,20.411730494811923,20.195221786226497,20.39356231689453,342764000
2021-07-06,20.642917142581126,20.746940344072726,20.257434361701367,20.604095458984375,446708000
2021-07-07,20.758390496324644,20.779792073320536,20.239269348710295,20.278837203979492,418428000
2021-07-08,19.765937028513026,20.041174738555355,19.610897115936638,19.811975479125977,503300000
2021-07-09,19.87145390678074,19.988667035276382,19.664153655569276,19.958803176879883,296624000
2021-07-12,20.1476928162931,20.439107102307077,20.095681199841547,20.4189510345459,321984000
2021-07-13,20.30745722182195,20.36793111155692,20.022264856454754,20.157644271850586,290708000
2021-07-14,20.264901240088385,20.324627057304227,19.66266101165078,19.751005172729492,380100000
2021-07-15,19.721396124960993,19.75648507376061,18.772492675300512,18.879751205444336,550564000
2021-07-16,18.943704278756737,19.069626505196034,17.99057088100206,18.078168869018555,688224000
2021-07-19,17.833542224992588,18.955152344065727,17.784017850781378,18.69409942626953,749060000
2021-07-20,18.644576730253064,18.752083971986252,18.081158128932074,18.527114868164062,434687000
2021-07-21,18.795878605842763,19.43793719732847,18.656517757575788,19.321470260620117,371017000
2021-07-22,19.552414359226333,19.7962958674944,19.18808253655946,19.5046329498291,323826000
2021-07-23,19.566352203135214,19.610152148792288,19.162203768763973,19.468799591064453,195672000
2021-07-26,19.222927760778727,19.35332891748849,18.827737126381447,19.206005096435547,203943000
2021-07-27,19.177132989949083,19.532505085696283,18.655522752528007,19.120393753051758,248863000
2021-07-28,19.230890227163382,19.556398512743925,18.908368517411507,19.414051055908203,202191000
2021-07-29,19.42997730193718,19.762455536602744,19.239848425490685,19.57232666015625,190781000
2021-07-30,19.32943476558114,19.540467738094375,19.175142927792987,19.410066604614258,183497000
2021-08-02,19.610152354563404,19.869961658246222,19.27269777815783,19.659923553466797,217444000
2021-08-03,19.649973548645775,20.12977568929753,19.132344604430187,19.724632263183594,301811000
2021-08-04,19.898826814854456,20.225331848038415,19.737565032108463,20.18153190612793,231309000
2021-08-05,20.4065028973456,20.63844002549978,20.249222567431012,20.542877197265625,211435000
2021-08-06,20.4303935804627,20.47618331116727,20.11782460435866,20.273113250732422,178497000
2021-08-09,20.35274874502735,20.414466247960842,20.0511311729326,20.202438354492188,146443000
2021-08-10,20.229318686706037,20.336825937530577,19.744538317496026,19.84507942199707,179238000
2021-08-11,19.95159047465114,19.95756362727722,19.341387176434115,19.609159469604492,185925000
2021-08-12,19.779376396027782,19.937649714347675,19.53051661292987,19.81421661376953,151652000
2021-08-13,19.814217948269306,20.121808676083944,19.760463380904792,20.09592628479004,183063000
2021-08-16,20.043164472251572,20.19447162539359,19.36427396613772,19.8590087890625,210876000
2021-08-17,19.595217108343547,19.679830414635195,19.17912431578376,19.369253158569336,204585000
2021-08-18,19.41106231099318,19.544451924086907,18.91334276455746,18.953161239624023,285913000
2021-08-19,19.405090193128377,20.40152612998121,18.67642838900111,19.707704544067383,766555000
2021-08-20,19.89982729696695,20.769841836804602,19.842093151241713,20.721065521240234,675741000
2021-08-23,20.875356807002596,21.896676532709122,20.854452674261367,21.85785484313965,575807000
2021-08-24,21.653790746731485,21.858850614050873,21.43678457528005,21.693607330322266,297299000
2021-08-25,21.63786162430471,22.367518367862452,21.622930643720796,22.111690521240234,347701000
2021-08-26,22.098749850642953,22.23811072383032,21.6906199517518,21.96735191345215,237940000
2021-08-27,22.082820582434145,22.61836691419927,22.065897920601948,22.532758712768555,304722000
2021-08-30,22.725874798350432,22.937902675579686,22.448147955070617,22.584522247314453,262580000
2021-08-31,22.595474734179547,22.595474734179547,22.022997435726552,22.286834716796875,259850000
2021-09-01,22.386398003393204,22.597468221617223,22.25895905860022,22.34259033203125,201767000
2021-09-02,22.419249529951113,22.493921385599155,22.197227896388572,22.29778480529785,187834000
2021-09-03,22.227100272958122,22.885200930384197,22.102648427978476,22.742828369140625,280532000
2021-09-07,22.73287172125641,22.798582279426377,22.42323471429615,22.5626220703125,198107000
2021-09-08,22.414276035210346,22.510850790435214,21.880625312807148,22.241039276123047,254434000
2021-09-09,22.21415637158111,22.43916513590544,22.033950346554978,22.079748153686523,196856000
2021-09-10,22.249990298047155,22.52677098110816,22.172333255583954,22.37942123413086,248376000
2021-09-13,22.584521910954482,22.8632946864074,21.76214402740333,22.054855346679688,297500000
2021-09-14,22.17731500306125,22.31172320295667,21.989144662598154,22.144460678100586,199755000
2021-09-15,22.21116747444568,22.268913686849235,21.86967123574188,22.243026733398438,166538000
2021-09-16,22.085719401064107,22.179307037445604,21.83084154501127,22.144460678100586,156033000
2021-09-17,22.202206286674826,22.223114103504372,21.734268077405748,21.8039608001709,294503000
2021-09-20,21.053270591267214,21.339012693768538,20.57139376968549,21.020416259765625,349440000
2021-09-21,21.32307976600177,21.331044106280054,20.8581286447772,21.152830123901367,204688000
2021-09-22,21.272304527219312,21.863699567380518,21.103049939355934,21.844783782958984,268726000
2021-09-23,22.042904567100518,22.43617275293961,21.794000940465747,22.383405685424805,248555000
2021-09-24,21.973215656561944,22.051869687132683,21.765132553304515,21.984167098999023,217655000
2021-09-27,21.614795771814215,21.703406185279654,21.231485755998357,21.56501579284668,245215000
2021-09-28,21.12097351503002,21.325074477409554,20.560440745183087,20.608230590820312,343069000
2021-09-29,20.848170149177676,20.92483213876471,20.3772429721725,20.427024841308594,218394000
2021-09-30,20.676924594998866,20.97361809338779,20.59727549936959,20.625152587890625,221009000
2021-10-01,20.65900727941029,20.767528549150793,20.11440509795195,20.651042938232422,240978000
2021-10-04,20.414085560020563,20.451919028744175,19.46924770779128,19.645471572875977,345635000
2021-10-05,19.86251425727249,20.557453280437706,19.766934576510337,20.361316680908203,279282000
2021-10-06,20.03177159768733,20.629138987907215,19.99194609221421,20.609228134155273,297202000
2021-10-07,20.99950202415533,21.22849482345153,20.880029336594305,20.98257827758789,256919000
2021-10-08,21.00846523888015,21.113004324739432,20.683894639844777,20.739648818969727,151258000
2021-10-11,20.48477154135317,20.970630442278978,20.42105112712711,20.604244232177734,163388000
2021-10-12,20.73666197268602,20.964657828842242,20.437978323976292,20.580350875854492,162134000
2021-10-13,20.826267780379947,20.897952540851815,20.622166840732383,20.84717559814453,180652000
2021-10-14,21.194648710999132,21.659599896985824,21.029376283806112,21.6506404876709,243589000
2021-10-15,21.71435462616983,21.834824285475865,21.56700484536949,21.76612663269043,226994000
2021-10-18,21.653626407282953,22.193249435993522,21.54908541210571,22.12455177307129,189494000
2021-10-19,22.178312668438,22.280861623084096,21.940362329321403,22.19225311279297,161473000
2021-10-20,22.20718298956857,22.33462191107961,21.885599533351265,22.00606918334961,146276000
2021-10-21,22.00009358061166,22.611401198544574,21.98615503847255,22.592483520507812,187590000
2021-10-22,22.722911788353617,23.028564678129815,22.462061631178194,22.6263370513916,249384000
2021-10-25,22.872251056391946,23.25257575791235,22.670142197791318,23.06440544128418,230235000
2021-10-26,23.88380013492317,25.148231194964065,23.819084651019782,24.608606338500977,485898000
2021-10-27,24.366676556372838,24.979974473581777,24.175517185619338,24.34377670288086,245990000
2021-10-28,24.768905340270393,24.84059010745586,24.415462540776538,24.831628799438477,234204000
2021-10-29,24.891358141249718,25.5962534057975,24.890363073634163,25.454875946044922,292503000
2021-11-01,25.53652048764444,25.78044501501722,25.116370221539132,25.7137393951416,265740000
2021-11-02,25.708765384211045,26.56101063434502,25.68686059809661,26.28522491455078,294112000
2021-11-03,26.55304424185898,26.666544637188032,26.11995237716791,26.481359481811523,239910000
2021-11-04,27.109593234066324,31.227455386633288,26.999079939655886,29.67031478881836,1153631000
2021-11-05,30.05462047753978,31.262300425460428,29.28102744943848,29.62152862548828,851260000
2021-11-08,30.016790243473928,30.963620114278918,29.775850888827506,30.66891860961914,503101000
2021-11-09,32.14043393327905,32.16831102221569,29.832598362114123,30.522558212280273,646746000
2021-11-10,29.227269752002172,30.714717786724723,28.65180336425327,29.329816818237305,636206000
2021-11-11,30.33439382459966,30.45585857869692,29.646423974708057,30.25673484802246,332172000
2021-11-12,29.878402038522555,30.54546406760196,29.500067330038018,30.25673484802246,413054000
2021-11-15,30.418017027807643,30.509612628277495,29.11873968280061,29.893327713012695,384909000
2021-11-16,29.628495874144114,30.256727308905166,29.575726902303593,30.070547103881836,264484000
2021-11-17,30.28460666991569,30.375209109979387,28.673702083946914,29.132680892944336,428508000
2021-11-18,32.22506137050019,32.61633569675382,31.183646972782004,31.536094665527344,781711000
2021-11-19,32.101608157533384,32.94290388231008,31.76509100701343,32.840354919433594,533867000
2021-11-22,33.37001612006789,34.49506179185787,31.76010847564054,31.81586265563965,754335000
2021-11-23,31.39670967652622,32.21809257052514,30.744581358909567,31.60678482055664,532163000
2021-11-24,31.323035910804574,32.71092196803006,30.792372310199486,32.53071594238281,435162000
2021-11-26,32.45703660205331,32.5665548230208,31.212520168167917,31.364849090576172,283069000
2021-11-29,32.22406422648845,33.26547475913897,31.895509575688923,33.22963333129883,454964000
2021-11-30,33.02354533082021,33.20674036434526,31.72426963928221,32.53270721435547,622066000
2021-12-01,33.07737601000796,33.1470772684117,31.24621379716434,31.300979614257812,484368000
2021-12-02,31.08091852606124,32.33952934929724,30.89272325657991,31.989028930664062,472890000
2021-12-03,31.863572220980746,31.99202385703251,30.001543883661746,30.562145233154297,544325000
2021-12-06,29.752611029224973,30.11207202986678,27.918465014907625,29.90894317626953,658938000
2021-12-07,30.82501579680724,32.31065524359192,30.520318769347558,32.28874588012695,593053000
2021-12-08,31.8625799412448,32.15233969224195,31.287043097460884,31.690317153930664,475551000
2021-12-09,31.59870601970093,32.067700548302355,30.29827420147728,30.360010147094727,488507000
2021-12-10,31.017192866760514,31.17153271430594,29.733688906259296,30.069252014160156,488825000
2021-12-13,30.12003667037444,30.16484489291169,27.9961292011688,28.040937423706055,598344000
2021-12-14,27.580907982463,28.555734222401295,27.13382283364954,28.216188430786133,667035000
2021-12-15,28.278923439427665,30.369971003090434,27.71931911008017,30.329145431518555,698297000
2021-12-16,31.01918913294205,31.027154448930762,27.97323064778504,28.265975952148438,707366000
2021-12-17,27.865691608084173,28.798697151084145,27.641650475156073,27.682476043701172,713758000
2021-12-20,27.188587940382853,28.02400974051841,27.02927023764738,27.60082244873047,461847000
2021-12-21,28.25303061151138,28.995850397906604,27.284177433595826,28.95104217529297,524385000
2021-12-22,28.767823731054484,29.42899232103665,28.327706864600266,29.2746524810791,395184000
2021-12-23,29.628143214986842,29.93084800774143,29.30552513261703,29.513633728027344,343022000
2021-12-27,29.533547027159024,30.954463182806666,29.51363183960114,30.813068389892578,403686000
2021-12-28,31.178505155996454,31.196428065606888,29.88404641723083,30.192726135253906,420591000
2021-12-29,30.14393618740853,30.41776338511472,29.240801560831677,29.87309455871582,343139000
2021-12-30,29.69983733274605,30.32715249863817,29.41406215423733,29.45986557006836,308864000
2021-12-31,29.547493275479567,29.901976468930926,29.205955146489814,29.285614013671875,266530000
2022-01-03,29.687885277671324,30.580065120512547,29.65801249794872,29.99258041381836,391547000
2022-01-04,30.147918368019972,30.33810404913154,28.22813864702251,29.16512680053711,527154000
2022-01-05,28.825579893631648,29.290589869699456,27.415618321755158,27.48631477355957,498064000
2022-01-06,27.522156879900578,28.316754959283724,26.949609518873476,28.057863235473633,454186000
2022-01-07,28.02102409273095,28.300826210955492,26.941644095796043,27.130834579467773,409939000
2022-01-10,26.467675485447426,27.351890124020873,25.53466996334042,27.283184051513672,594681000
2022-01-11,27.206514697544513,27.945351930449434,26.724578863489402,27.698408126831055,404089000
2022-01-12,27.947340025615873,28.47308885587238,27.490297267388375,27.87963104248047,383413000
2022-01-13,28.258012259555365,28.358581501754113,26.385030961290575,26.46170425415039,540171000
2022-01-14,26.187871987265602,27.081048984239747,26.098255540756934,26.82713508605957,395832000
2022-01-18,26.14804463261415,26.524433344257982,25.660133902473458,25.792566299438477,424270000
2022-01-19,25.967813271965568,26.42983381864652,24.94519143672525,24.960126876831055,488315000
2022-01-20,25.19612032401024,25.46994751510898,23.97534549383341,24.047039031982422,435181000
2022-01-21,23.40678161092132,24.717171038870582,23.163822382731063,23.274349212646484,718958000
2022-01-24,22.234798657209716,23.280321348926336,20.798947012783948,23.272356033325195,913982000
2022-01-25,22.44988020196596,22.84518895116685,21.906208409712576,22.22882652282715,664616000
2022-01-26,23.140922442388803,23.954438826073826,22.204929341327563,22.674917221069336,755959000
2022-01-27,23.467517526484492,23.892697037716033,21.582586870222382,21.850440979003906,573353000
2022-01-28,21.918151515078176,22.76054528347654,21.205204558448763,22.74262237548828,543774000
2022-01-31,23.083167451846627,24.40451162128033,22.95372251615152,24.381608963012695,564680000
2022-02-01,24.996969904301384,25.037795466622228,23.788145059709638,24.532957077026367,518925000
2022-02-02,25.684030811068062,25.70693156804896,24.448320550364187,25.134384155273438,543419000
2022-02-03,24.353729361756347,24.97008988703977,23.678620353637253,23.845903396606445,410178000
2022-02-04,23.869797957184883,24.529971431012495,23.531247360390374,24.21531867980957,354829000
2022-02-07,24.26809450688,25.074640699200273,24.098819192519745,24.622577667236328,376868000
2022-02-08,24.255148284706152,25.122435194530542,23.877764383475125,25.00095558166504,410359000
2022-02-09,25.512765352949764,26.61106356618626,25.244913078299707,26.591148376464844,524282000
2022-02-10,25.884173907605756,26.810207355807123,25.490857492439208,25.71390151977539,513200000
2022-02-11,25.805514193425385,26.04050812916526,23.6716506697888,23.846899032592773,605472000
2022-02-14,23.831961302784133,24.768949487290513,23.653723589292724,24.163541793823242,440424000
2022-02-15,24.84262993037753,26.43182609028829,24.67833439160507,26.38204002380371,699869000
2022-02-16,26.147049472381745,26.468672364813905,25.44306293139375,26.397974014282227,732676000
2022-02-17,25.52073073259493,25.675070604494053,24.061978217389743,24.40251922607422,810595000
2022-02-18,24.562833238351214,24.879478312587725,23.00151913502133,23.541208267211914,761255000
2022-02-22,22.936793337243518,23.96140567068865,22.901942706800956,23.290279388427734,633422000
2022-02-23,23.700519613094333,24.052015226751326,22.205919711751882,22.29155158996582,566511000
2022-02-24,20.9254052267072,23.698531662871755,20.800938144655944,23.646753311157227,735801000
2022-02-25,23.6198702807105,24.113754059814244,23.28131966006848,24.05401039123535,528866000
2022-02-28,23.88971413278726,24.559845228253224,23.605929341272788,24.281038284301758,477319000
2022-03-01,24.187434069516588,24.273067843411287,23.033375148114196,23.376903533935547,412056000
2022-03-02,23.658750292293792,24.309076976729223,23.319146643220492,24.120849609375,389642000
2022-03-03,24.162673555504384,24.22641262648791,23.37292072724898,23.616918563842773,365095000
2022-03-04,23.288271806116654,23.583059575930694,22.389963970849855,22.842105865478516,431415000
2022-03-07,22.723594140609173,22.938711412053266,21.24268191605436,21.264591217041016,450821000
2022-03-08,21.221763621611906,22.281406917450838,20.56546109047921,21.42592430114746,557467000
2022-03-09,22.295352427006858,23.124942518382856,22.15592615939423,22.91978645324707,492742000
2022-03-10,22.43876567263354,22.694713569217846,21.792422296882368,22.56524658203125,428066000
2022-03-11,22.927755670439296,23.05025324732895,21.95575122647575,22.009531021118164,367209000
2022-03-14,21.7794765189099,22.170867384126904,21.072383887534045,21.24268341064453,385354000
2022-03-15,21.429910411009644,22.943688372057732,21.234713636338597,22.87895393371582,491996000
2022-03-16,23.403796625061247,24.49630589121448,23.077140259936503,24.395719528198242,671422000
2022-03-17,24.021262124146144,24.740304734658185,23.808137465094195,24.66461753845215,471941000
2022-03-18,24.697479198946194,26.460233740028837,24.52319636276872,26.344707489013672,730719000
2022-03-21,26.398489377058596,27.040849423539733,25.860699040597943,26.62455940246582,591727000
2022-03-22,26.61758672052766,27.12649641555455,25.96526931574627,26.41541862487793,547007000
2022-03-23,26.019046837158616,26.50305734840452,25.470303785598432,25.529062271118164,502120000
2022-03-24,26.058884112048176,28.204065572576116,25.80094361026962,28.034761428833008,877379000
2022-03-25,27.771842231076484,28.241910117249173,27.159360096245305,27.578636169433594,579016000
2022-03-28,27.642375427784486,28.134352617050098,27.094625830029123,28.103479385375977,425494000
2022-03-29,28.57753047133925,28.827502401169717,27.865457327415218,28.5386905670166,488984000
2022-03-30,28.188129711162127,28.379343137774402,27.390408258662607,27.576642990112305,463487000
2022-03-31,27.668267123207887,28.13235904221387,27.15836398762896,27.174297332763672,523440000
2022-04-01,27.262931780225625,27.383436717189806,26.159467926180007,26.602645874023438,517235000
2022-04-04,26.618582662321668,27.44518476682431,26.50405367248858,27.247995376586914,397120000
2022-04-05,27.142430269538746,27.207164711525582,25.714300606563835,25.824846267700195,436615000
2022-04-06,24.83192809110766,25.19642902764495,23.90473955432291,24.307085037231445,703833000
2022-04-07,24.340944116539315,24.620793903525843,23.3818870718976,24.108898162841797,557992000
2022-04-08,23.819090390264524,23.825066344638063,22.967590974113833,23.024356842041016,524781000
2022-04-11,22.12305932252328,22.22862436863828,21.57132647920845,21.827274322509766,575207000
2022-04-12,22.44474204972869,22.631972169880864,21.194878517496804,21.415969848632812,662258000
2022-04-13,21.639052358381548,22.40789137072251,21.367169228856223,22.112106323242188,516943000
2022-04-14,22.41286958131203,22.683757345759695,21.07636432042871,21.170974731445312,569097000
2022-04-18,21.11320943966605,21.9975726163944,20.992704516489646,21.693822860717773,525701000
2022-04-19,21.631080558064472,22.281407142339205,21.22674253068013,22.10712432861328,512781000
2022-04-20,22.424823034682213,22.577196581632325,21.11321496007185,21.394060134887695,468974000
2022-04-21,21.620128118741523,22.30033264038632,19.918124725646763,20.10037612915039,656209000
2022-04-22,20.219884332875687,20.402135741058334,19.42017210608827,19.435110092163086,624713000
2022-04-25,19.123394685988696,19.8633531842539,19.017829608738282,19.82052993774414,641566000
2022-04-26,19.637281368701824,19.706994507674615,18.593571203547693,18.711088180541992,653143000
2022-04-27,18.521866304544144,19.088537274074934,18.215128478854176,18.339616775512695,499460000
2022-04-28,18.88935689714939,19.95497840566895,18.414310229642336,19.701021194458008,570327000
2022-04-29,19.32257448999954,20.045602297833724,18.441197185099483,18.4710750579834,500435000
2022-05-02,18.46510132890273,19.493871705119716,18.31571574556032,19.453041076660156,572049000
2022-05-03,19.320584361321686,19.743845733779274,19.054677146970047,19.521757125854492,475751000
2022-05-04,19.84144231861461,20.316488927908352,18.67423920836695,20.25075912475586,648855000
2022-05-05,19.785669950252917,19.843431175196322,18.424265535645223,18.766857147216797,626331000
2022-05-06,18.65930381957469,19.43212631898755,17.91635729877483,18.598552703857422,633297000
2022-05-09,17.960173412210224,18.180267458938104,16.75811385880719,16.880611419677734,644455000
2022-05-10,17.6165833349949,18.1235003480761,16.955302082018957,17.522968292236328,761474000
2022-05-11,17.275983917823066,17.68032194709463,16.500173704044624,16.561918258666992,670167000
2022-05-12,16.152604222388675,16.719275153017346,15.503273835867764,16.108783721923828,708728000
2022-05-13,16.71927505834853,17.854607631651785,16.525073633919344,17.633516311645508,670437000
2022-05-16,17.437320969728997,17.71517810760899,17.03597092632894,17.193323135375977,521446000
2022-05-17,18.00001346067366,18.29579857210596,17.561815969016706,18.10259246826172,585830000
2022-05-18,17.632518279068112,18.04382762467623,16.794961603480765,16.8686580657959,545161000
2022-05-19,16.867663129735934,17.61459275966754,16.665493158414193,17.053897857666016,621310000
2022-05-20,17.261044685045487,17.338724476895592,15.690500201719123,16.625656127929688,739105000
2022-05-23,16.207375258686408,16.845751782688478,16.112764867573357,16.828821182250977,639889000
2022-05-24,16.44241318228326,16.529056923699873,15.715401091996485,16.08786964416504,588550000
2022-05-25,15.954423101190748,17.040956732679444,15.934504514657595,16.905513763427734,781132000
2022-05-26,15.97034965113775,18.017932366337,15.956407026409044,17.77791976928711,996575000
2022-05-27,18.11155027204223,18.80370475029721,18.025901901467446,18.733991622924805,738379000
2022-05-31,18.902301701134324,19.121402309598214,18.27488154857996,18.595563888549805,664100000
2022-06-01,18.647344266393155,18.974995901316028,18.047807688518343,18.244997024536133,544514000
2022-06-02,18.217114068339008,19.538681119252402,18.123499032376543,19.511791229248047,648656000
2022-06-03,19.003887309829665,19.25286391841899,18.446178338920216,18.643367767333984,598779000
2022-06-06,19.060652505586596,19.257841926957315,18.48800556646816,18.709096908569336,422406000
2022-06-07,18.396382141540013,18.92222057056187,18.11354434422296,18.84852409362793,388914000
2022-06-08,18.726000947489727,19.105521994199414,18.463026152906487,18.57558822631836,363252000
2022-06-09,18.409233910241724,18.859478331118886,17.97094202357339,17.977914810180664,395574000
2022-06-10,17.531655320031188,17.628278767149297,16.803493073192044,16.9080867767334,465248000
2022-06-13,15.937867756879672,16.248656451730458,15.545397710168137,15.586238861083984,604153000
2022-06-14,15.669912860368118,16.003612016416973,15.35215136745031,15.774505615234375,469680000
2022-06-15,16.03249841468416,16.80249737716836,15.86415501064633,16.46282196044922,563936000
2022-06-16,15.79841271116568,15.88009502147224,15.341195447240926,15.54041862487793,545749000
2022-06-17,15.58723513693202,15.932887781168011,15.26847807134145,15.818334579467773,630334000
2022-06-21,16.411024604098987,16.94195389912008,16.343287871553795,16.501670837402344,483089000
2022-06-22,16.162992114105894,16.59729988882193,16.117171209417034,16.296472549438477,437135000
2022-06-23,16.454851986991518,16.5205956784527,15.79143880496092,16.16199493408203,463680000
2022-06-24,16.43592551294382,17.07343959152511,16.24666280838682,17.059494018554688,472153000
2022-06-27,17.244777939984676,17.262707696564117,16.561440850774616,16.803497314453125,427968000
2022-06-28,16.83437454206532,17.135201879170452,15.883083017438073,15.919939994812012,461149000
2022-06-29,15.752591579090298,15.758567846845672,15.111092291433094,15.481647491455078,482352000
2022-06-30,15.301352039966417,15.506552451888224,14.804290100614665,15.100136756896973,686070000
2022-07-01,14.841145535452219,15.004508262689948,14.336114308605408,14.466605186462402,577610000
2022-07-05,14.119954807294123,14.912863251478607,14.000420913948414,14.905890464782715,651397000
2022-07-06,14.951713200390376,15.259513302763182,14.731570721690755,15.071247100830078,529066000
2022-07-07,15.395981666093258,15.883082152996206,15.329241452564782,15.796420097351074,492903000
2022-07-08,15.370082202682903,15.974725437074959,15.329241049958439,15.776497840881348,467972000
2022-07-11,15.465709825855997,15.466706345467303,14.97960489954158,15.093162536621094,437321000
2022-07-12,15.208713215824096,15.371080384780623,14.819231694264086,15.023435592651367,458483000
2022-07-13,14.533344477991491,15.315296025509971,14.408829876158077,15.105114936828613,521918000
2022-07-14,15.04933164322953,15.412914028547368,14.670807164690196,15.31230640411377,456235000
2022-07-15,15.598193546303452,15.720715108541247,15.385023849466009,15.700793266296387,385935000
2022-07-18,16.238700502303253,16.831389474301076,15.939866141619524,16.038480758666992,670517000
2022-07-19,16.421982128219415,17.0435595776271,16.109202264221235,16.92601776123047,702366000
2022-07-20,16.881191075573774,17.863362252554914,16.73575812116985,17.737850189208984,760538000
2022-07-21,17.815547810901403,18.07354091727774,17.476867973237123,17.97990608215332,557049000
2022-07-22,17.823519553288822,17.897231611980214,17.07045465118201,17.25174903869629,536671000
2022-07-25,16.95290981659082,17.05750351772412,16.58434768859962,16.9578914642334,480748000
2022-07-26,16.823420056796863,16.853304250961923,16.414016666430314,16.46880340576172,397865000
2022-07-27,16.965860804114296,17.86635161594308,16.84732342255859,17.720918655395508,569776000
2022-07-28,17.90519966314176,18.069557945364984,17.372277332995978,17.91416358947754,474646000
2022-07-29,17.743827026455214,18.173153093615777,17.623296613411778,18.09246826171875,435460000
2022-08-01,18.111395452950937,18.77281848869698,17.920141583548578,18.3693904876709,476469000
2022-08-02,18.051627201581738,18.864458441615547,18.021743015572017,18.454057693481445,489527000
2022-08-03,18.11338523431243,18.894341085493743,18.066566870045985,18.819631576538086,418146000
2022-08-04,18.77581043848367,19.199159407527212,18.68715532546292,19.14038848876953,409652000
2022-08-05,18.73695646403008,19.154330026144063,18.59351654169447,18.91526222229004,386068000
2022-08-08,17.43403710855411,18.168174706690454,17.175046511530418,17.723905563354492,981859000
2022-08-09,17.18500716001782,17.379249624350564,16.65905763199982,17.019651412963867,668263000
2022-08-10,17.62927126986803,18.047640311426548,17.24975033432514,18.026721954345703,597422000
2022-08-11,18.06059882162316,18.63436245748148,17.80658790890273,17.872331619262695,509327000
2022-08-12,18.089482668919175,18.645316458949107,17.883285741988434,18.636350631713867,478094000
2022-08-15,18.62838336929725,19.0895848654129,18.54072573092658,18.958097457885742,457666000
2022-08-16,18.846530011794016,19.067668063926604,18.42915644764587,18.805688858032227,451240000
2022-08-17,18.451069315475372,18.61542757380385,18.074536965563848,18.263797760009766,446799000
2022-08-18,18.229934589865376,18.791743657859055,18.11239277422747,18.700101852416992,415447000
2022-08-19,18.33452409224492,18.448081715081848,17.700994191090388,17.779687881469727,441588000
2022-08-22,17.422084130919913,17.4898208696324,16.90011871477872,16.96785545349121,409593000
2022-08-23,16.92303062961487,17.397182115122416,16.904103405013966,17.11428451538086,369986000
2022-08-24,16.94594102007404,17.33841210925702,16.829396656993374,17.155126571655273,522661000
2022-08-25,16.77858828041363,17.877305555233242,16.767631316738164,17.84343719482422,770691000
2022-08-26,17.787658007376972,17.85439727044476,16.173947959014292,16.19685935974121,769127000
2022-08-29,15.957791581811284,16.274555614443177,15.705773773179859,15.739641189575195,496132000
2022-08-30,15.898023253937998,15.97671599783805,15.12304454959439,15.407934188842773,530181000
2022-08-31,15.324261848963653,15.479656218449705,14.900911986576217,15.035387992858887,573710000
2022-09-01,14.153823343963365,14.32415979672276,13.218470483091595,13.882880210876465,1178865000
2022-09-02,14.045246540395883,14.115969978398423,13.53822233999636,13.594005584716797,743157000
2022-09-06,13.677677973111567,13.72549190776808,13.29915352366988,13.412711143493652,535751000
2022-09-07,13.514346107743526,13.788360189278626,13.298124529340985,13.664804458618164,512657000
2022-09-08,13.410720161896329,13.957751553071784,13.321043803751946,13.939815521240234,624873000
2022-09-09,14.10621372951033,14.42207693295045,14.07532575022092,14.335389137268066,486612000
2022-09-12,14.31745676821465,14.49481775493603,14.147069690827237,14.45296859741211,484159000
2022-09-13,13.752491137425125,13.87206057353365,13.052012787776297,13.083897590637207,714956000
2022-09-14,13.206456253054055,13.242327368226784,12.86667985035143,13.08090877532959,588507000
2022-09-15,12.968313711994472,13.185531175680374,12.74412043844494,12.882621765136719,523625000
2022-09-16,12.696293036048875,13.164607373852498,12.571741421226356,13.150657653808594,670751000
2022-09-19,12.965324131066843,13.414706540772462,12.963331449798705,13.333996772766113,569685000
2022-09-20,13.167594240345288,13.43463249948038,13.010161038264972,13.12873363494873,524818000
2022-09-21,13.165602253694058,13.980667741595738,13.062971099601787,13.21342945098877,807679000
2022-09-22,13.0231145909362,13.101831671038127,12.383418345633107,12.51594066619873,759162000
2022-09-23,12.375446418238019,12.565761238087397,12.21303103372741,12.471101760864258,663309000
2022-09-26,12.446191516406993,12.613589074579467,12.170184766010799,12.184134483337402,547343000
2022-09-27,12.462134764959494,12.690313385658438,12.214028382542947,12.3684720993042,553854000
2022-09-28,12.365483486484552,12.777002105621296,12.309684609382174,12.690314292907715,542414000
2022-09-29,12.403348375701784,12.455161894796301,11.903149218445288,12.176166534423828,532763000
2022-09-30,12.043641657389104,12.587683536419725,12.031684619918396,12.095455169677734,565638000
2022-10-03,12.302708290891008,12.632521236553906,12.061575828714862,12.467116355895996,547478000
2022-10-04,12.832798329827137,13.172575601055602,12.832798329827137,13.119765281677246,584182000
2022-10-05,12.864685926402442,13.273215022829856,12.57572625208159,13.161616325378418,507131000
2022-10-06,13.172579270869328,13.607015181430027,13.055998379683974,13.082901954650879,644157000
2022-10-07,12.460141479897947,12.624549544676155,11.978874322115674,12.03268051147461,672478000
2022-10-10,11.993820717893747,12.080508526082841,11.367077348214593,11.628137588500977,698699000
2022-10-11,11.51952842526829,11.803505925509853,11.242525784323794,11.544439315795898,667482000
2022-10-12,11.537463030403634,11.69290259691748,11.304302255253075,11.458745956420898,492590000
2022-10-13,10.931644516028966,12.034673832144149,10.774211301684586,11.917097091674805,850103000
2022-10-14,12.013748081279001,12.06755426824253,11.16380836002219,11.186725616455078,713432000
2022-10-17,11.476682407821523,11.905140220648137,11.47568654235639,11.845355033874512,580774000
2022-10-18,12.299718771902551,12.447187622313416,11.57632328719115,11.924071311950684,659362000
2022-10-19,11.83638760168255,12.305698708951443,11.791548948755544,12.007770538330078,523131000
2022-10-20,12.069548299667495,12.72319524071747,12.061576624677791,12.15025806427002,652398000
2022-10-21,12.054604643096935,12.453170432915464,11.8443619990588,12.421284675598145,609494000
2022-10-24,12.463130284529436,12.66440531318631,12.02072280741897,12.553803443908691,517457000
2022-10-25,12.648463971781274,13.252290058434822,12.618570904437151,13.21342945098877,505482000
2022-10-26,12.822839309313967,13.339976758427692,12.662416565709792,12.84974193572998,532953000
2022-10-27,13.581105480931186,13.78835950903757,13.074927446921608,13.12873363494873,583113000
2022-10-28,13.056994256397354,13.800318541551777,13.014148282801942,13.784375190734863,521040000
2022-10-31,13.728575742782882,13.788360930226967,13.24930122851385,13.448583602905273,486341000
2022-11-01,13.7614593301717,13.875050727465137,13.470506926844779,13.494421005249023,432817000
2022-11-02,13.800317291584546,14.159025547914593,13.16360959020308,13.17158031463623,672628000
2022-11-03,12.996212781616933,13.731565367636188,12.909524971705448,13.372856140136719,500065000
2022-11-04,13.93582958769378,14.177957930344933,13.647865776966073,14.105219841003418,612576000
2022-11-07,14.1769615012651,14.360301478064772,13.903945167549931,14.249699592590332,410061000
2022-11-08,14.74790715863396,14.837584472787446,14.165005566889713,14.54962158203125,595292000
2022-11-09,14.111197542274558,14.160022506058544,13.70964331218987,13.726582527160645,454414000
2022-11-10,14.746908614064782,15.71641777595713,14.494815934563771,15.693500518798828,700819000
2022-11-11,15.75029472497801,16.33020665970529,15.426460807751228,16.268428802490234,655487000
2022-11-14,16.159820218444786,16.48066558256314,15.864881605151144,16.236543655395508,527852000
2022-11-15,16.662011477829804,16.937020425655504,16.323231044656243,16.606212615966797,545876000
2022-11-16,16.1040250035794,16.303306431643236,15.816061182952085,15.852928161621094,649547000
2022-11-17,15.658627572163233,16.20765162732223,15.47927296101109,15.620763778686523,710894000
2022-11-18,15.90872657967121,15.944598642065296,15.065761621009438,15.35372543334961,492072000
2022-11-21,15.092665143329405,15.421481294578124,15.025905097362354,15.262055397033691,404739000
2022-11-22,15.273017439942477,16.00039937204481,15.067756049737582,15.980470657348633,472866000
2022-11-23,16.040254147784076,16.46771612556409,15.99043426388969,16.45974349975586,427241000
2022-11-25,16.259467561128588,16.42786007515215,16.113991359394493,16.211639404296875,167934000
2022-11-28,15.968510119436205,16.298324023340506,15.668591183311177,15.770224571228027,303741000
2022-11-29,15.77022345370602,15.874847281240129,15.464325545701916,15.582898139953613,298384000
2022-11-30,15.644690524714274,16.873582401297774,15.545024337202593,16.866605758666992,565298000
2022-12-01,16.942355347832123,17.20746780911725,16.57956797350174,17.07790184020996,470977000
2022-12-02,16.60348724039677,16.876574351409886,16.390199657775565,16.81976318359375,371389000
2022-12-05,16.623421575647185,16.93836855658918,16.41711062983356,16.554651260375977,352255000
2022-12-06,16.474917069486207,16.517773048794822,15.766285923687203,15.93372631072998,352694000
2022-12-07,15.719443294997907,16.132064232758374,15.614792692114394,16.0662841796875,372388000
2022-12-08,16.218773657752436,17.121754700808335,15.905818930591325,17.111787796020508,515456000
2022-12-09,17.1028160194911,17.524406752700667,16.91843304409184,16.944345474243164,465338000
2022-12-12,16.98023035941477,17.479560391399467,16.74103030994318,17.47657012939453,457328000
2022-12-13,18.469253821514982,18.727391594817203,17.65198641095761,18.011783599853516,656589000
2022-12-14,17.927061390913362,18.191179623464766,17.36195136904166,17.61510467529297,496888000
2022-12-15,17.088863487866476,17.262283446585172,16.64435056625301,16.895509719848633,478542000
2022-12-16,16.80780235933555,16.984212566313406,16.355314807354187,16.515777587890625,478232000
2022-12-19,16.51677591008969,16.553651364106894,16.09119880078537,16.1998348236084,354039000
2022-12-20,16.01046693823351,16.255647448102433,15.799174471467346,16.031396865844727,403260000
2022-12-21,16.060302979691098,16.571593975514052,16.04834193364069,16.446012496948242,325025000
2022-12-22,16.040368896112454,16.084222895893255,14.832407820265537,15.287884712219238,565045000
2022-12-23,15.145365658089176,15.287888819425868,14.833408876025313,15.155332565307617,349326000
2022-12-27,15.023769443130346,15.049682826445732,14.009161111934528,14.073945045471191,464902000
2022-12-28,13.880591262742838,14.214474984092547,13.837734330636081,13.989228248596191,351066000
2022-12-29,14.354009920900088,14.634072755943127,14.179592867751314,14.554339408874512,354923000
2022-12-30,14.28623425846336,14.580251302126825,14.185570989377842,14.565301895141602,310490000
2023-01-03,14.801511884284999,14.946029157402801,14.049027654749226,14.267297744750977,401277000
2023-01-04,14.518459253168668,14.803505525216863,14.193545359327329,14.699851989746094,431324000
2023-01-05,14.442713107430109,14.515469810414057,14.100855645137985,14.217466354370117,389168000
2023-01-06,14.425767217118333,14.95998131637067,13.987233879252056,14.809484481811523,405044000
2023-01-09,15.233068483772803,16.00249525698764,15.090544411674909,15.575922012329102,504231000
2023-01-10,15.455327619136956,15.908811394296471,15.42044439804722,15.855988502502441,384101000
2023-01-11,15.787215773433328,15.974589018428674,15.511138407767845,15.947678565979004,353285000
2023-01-12,16.046352430023713,16.581561807242853,15.440377637088012,16.455982208251953,551409000
2023-01-13,16.223751165224016,16.865605948819805,16.111128787678126,16.842681884765625,447287000
2023-01-17,16.842691082523842,17.66892924665794,16.842691082523842,17.643014907836914,511102000
2023-01-18,17.608126319924487,17.813439222153065,17.224409065517293,17.319093704223633,439624000
2023-01-19,16.97923193804357,17.139696655240964,16.67524985593479,16.709135055541992,452932000
2023-01-20,16.954316196674295,17.796501732635843,16.76893705940326,17.779558181762695,564967000
2023-01-23,18.00380774628692,19.18087416913429,17.758629060077922,19.129047393798828,655163000
2023-01-24,18.76426355229002,19.430038785893963,18.757286908397305,19.200803756713867,496204000
2023-01-25,18.849974303107246,19.30545212333689,18.51808381196262,19.258607864379883,449537000
2023-01-26,19.63535204186898,20.09880270917431,19.213761238604867,19.73601531982422,489535000
2023-01-27,19.39714737022937,20.559262315315294,19.34033810009434,20.297138214111328,542142000
2023-01-30,19.883520664577752,20.072886152093297,19.08618539248616,19.098146438598633,488611000
2023-01-31,19.106119508648174,19.621396897100432,18.88685330332513,19.47189712524414,498017000
2023-02-01,19.62538402504865,21.1213817226709,19.545650683627567,20.873212814331055,660477000
2023-02-02,20.930020713829347,21.875857723454107,20.631021178314572,21.63665771484375,564276000
2023-02-03,20.930016939244258,21.67253504328741,20.719719661348293,21.02968406677246,429366000
2023-02-06,20.736666558099405,21.498120569952917,20.716732749173072,21.01872444152832,452197000
2023-02-07,21.310748940899305,22.184827328430092,21.079521682438997,22.09911346435547,664150000
2023-02-08,22.31240089472821,22.801765903840348,21.934664092168923,22.13100814819336,559651000
2023-02-09,22.530672149758068,22.943292158985646,22.046291560362647,22.2625675201416,523876000
2023-02-10,21.6177244226343,22.00443010232316,20.74165374341449,21.19413948059082,550737000
2023-02-13,21.466229945466377,21.974530722285284,20.89214911284721,21.715396881103516,474919000
2023-02-14,21.50609168201181,22.972190328812037,21.294798266195475,22.894451141357422,675474000
2023-02-15,22.47385907538401,22.778839139042542,22.032336407803555,22.688142776489258,420575000
2023-02-16,22.059248242228534,22.47485853992091,21.85393529520588,21.928686141967773,412026000
2023-02-17,21.558922723947695,21.667558774123847,20.905108479188826,21.31673240661621,465888000
2023-02-21,20.93002371650124,21.422377090666945,20.54929664883601,20.58617401123047,410015000
2023-02-22,20.637993083951997,21.033669412646354,20.352944999189035,20.68483543395996,513184000
2023-02-23,23.361893340475753,23.808400461151948,22.94827529850247,23.585145950317383,1117995000
2023-02-24,23.147606985640458,23.39577778263142,22.870533495406775,23.208402633666992,589716000
2023-02-27,23.59112307758857,23.800422369181604,23.375843263094975,23.422685623168945,452994000
2023-02-28,23.294119765093207,23.74561130134119,23.128672543867644,23.138639450073242,455963000
2023-03-01,23.11471933360439,23.1785071533375,22.432998534976818,22.622365951538086,460026000
2023-03-02,22.413065090524846,23.302091014748385,22.35725003920354,23.236310958862305,389415000
2023-03-03,23.24229019406714,23.82035737741727,23.05292280095457,23.81039047241211,412393000
2023-03-06,23.81139425887619,24.167203158646693,23.408739183345446,23.47551727294922,437429000
2023-03-07,23.525353628386604,24.04869267419401,23.167487988654617,23.214340209960938,515154000
2023-03-08,23.412711812029624,24.12345789128584,23.349911350313405,24.104516983032227,513573000
2023-03-09,24.098534615353046,24.37665338080257,23.309039864365545,23.361873626708984,501257000
2023-03-10,23.334958480231546,23.55226936391661,22.654118224508185,22.892362594604492,474866000
2023-03-13,22.680036313439018,23.224308845911295,22.22647555282617,22.89335823059082,421890000
2023-03-14,23.421682859195702,24.14239559716936,23.385795524923413,23.986888885498047,474910000
2023-03-15,23.68584522635948,24.20918430620047,23.286114490388712,24.151369094848633,524486000
2023-03-16,23.951003432054158,25.507064935559395,23.818422785484607,25.460214614868164,583253000
2023-03-17,25.89981804779798,26.3154988744337,25.58681016478867,25.643630981445312,848547000
2023-03-20,25.533980590026932,25.941687335476704,25.050514016475315,25.818078994750977,432747000
2023-03-21,26.09719563603672,26.3085249951989,25.300723004441352,26.116134643554688,547408000
2023-03-22,26.341415997809847,27.501735683439474,26.1540109224766,26.384281158447266,797295000
2023-03-23,27.029233998126443,27.412020167294642,26.60557904977676,27.10499382019043,564889000
2023-03-24,26.94549959949804,27.081069104608634,26.271637231409848,26.69429588317871,454920000
2023-03-27,26.752120185462573,26.9146047576957,26.281612899125292,26.44708824157715,361026000
2023-03-28,26.36334732054611,26.42913854404045,25.768235539667923,26.32646369934082,356104000
2023-03-29,26.74015174035028,26.99234984404029,26.51287227864152,26.89864730834961,393694000
2023-03-30,27.142876388177367,27.412022850595726,27.016277275445294,27.296388626098633,364516000
2023-03-31,27.054156013485166,27.74596114615361,27.019266870020537,27.68914222717285,433933000
2023-04-03,27.421991687577037,27.911437912375046,27.24953854012971,27.876548767089844,398716000
2023-04-04,27.877541083680732,27.911433934646436,27.22062515381667,27.36616325378418,368592000
2023-04-05,26.744141067760594,26.91260524763218,26.31151378285065,26.795976638793945,515015000
2023-04-06,26.49991459021249,26.994346033960124,26.34341159102696,26.95148277282715,397654000
2023-04-10,26.738160454997114,27.53363676470612,26.584648216789198,27.491769790649414,395279000
2023-04-11,27.636309871277366,27.702101097960746,27.04019987081764,27.083065032958984,314378000
2023-04-12,27.2834300542219,27.381119656216434,26.364345440236946,26.411197662353516,446259000
2023-04-13,26.649439996093154,26.801955937603214,26.245722222126854,26.379297256469727,353615000
2023-04-14,26.420164544474495,26.797965435367647,26.137062473302613,26.67336082458496,395660000
2023-04-17,26.480975507689482,26.920580610646343,26.349393053761112,26.916593551635742,321471000
2023-04-18,27.445915621619545,28.02109026862938,27.270471706452536,27.579490661621094,604812000
2023-04-19,27.27445463520104,27.911433357042885,27.145862963377475,27.8426513671875,358660000
2023-04-20,27.58347456890567,27.941340187321615,26.914597451904964,27.018268585205078,427713000
2023-04-21,26.86674870571586,27.09701893484949,26.63747666725273,27.033220291137695,345103000
2023-04-24,26.92755907031357,27.27944127802104,26.586639849155418,26.956466674804688,339282000
2023-04-25,26.99234953614374,27.160815601118838,26.14204889645108,26.157997131347656,378527000
2023-04-26,26.916589185581422,27.243550787203798,26.620527761607924,26.8707332611084,406337000
2023-04-27,27.276452656846956,27.408035115051412,26.54078605798617,27.13988494873047,377161000
2023-04-28,27.138887339013703,27.670200494580325,26.985373211032865,27.661230087280273,292216000
2023-05-01,27.751940608520385,28.96608841417271,27.69213092438785,28.81855583190918,570329000
2023-05-02,28.58928602409841,28.74479273603856,27.994174201759634,28.120771408081055,402730000
2023-05-03,27.75194355869358,28.277277108700098,27.385107494737166,27.71406364440918,383387000
2023-05-04,27.563536466695737,27.770878726472898,27.153837196427407,27.47481918334961,321850000
2023-05-05,27.737986024481625,28.66404652957751,27.64328719583459,28.589284896850586,361494000
2023-05-08,28.4317819808544,29.127574105075855,28.26032704979517,29.058792114257812,344979000
2023-05-09,28.807588662660574,28.881353997290418,28.36000950451593,28.48062515258789,314869000
2023-05-10,28.913253779307176,29.020913869319795,28.370975777175932,28.79363441467285,369350000
2023-05-11,28.804599067442442,28.858429112011763,28.156655460539202,28.48760414123535,322149000
2023-05-12,28.438763778969957,28.688971234445617,27.957291677344866,28.250362396240234,274222000
2023-05-15,28.4178275338678,28.877369814441632,28.06295457930079,28.861419677734375,293926000
2023-05-16,28.74977851008436,29.775525121763952,28.74080810173077,29.120601654052734,449405000
2023-05-17,29.49042519794485,30.103479719693794,29.336912970483333,30.08254623413086,432535000
2023-05-18,30.31381366494329,31.727327831009532,30.224098180923058,31.577802658081055,748725000
2023-05-19,31.436252487669602,31.480113941471256,30.818214581828073,31.16511344909668,473908000
2023-05-22,30.803257086267713,31.42030053090031,30.582957356502835,31.077388763427734,372000000
2023-05-23,30.901950109855278,31.189039301220525,30.53411773699589,30.5909366607666,356253000
2023-05-24,30.114444604983657,30.510190153140588,29.71172312962193,30.441408157348633,721419000
2023-05-25,38.401144963190646,39.35511856314438,36.519116494976174,37.85986328125,1543911000
2023-05-26,37.770151547520655,39.04610163074743,37.43122683133464,38.822811126708984,714397000
2023-05-30,40.4666011461992,41.8053518099001,39.82264450499864,39.984130859375,923401000
2023-05-31,39.36310437329028,40.16755116297335,37.70237331513915,37.71433639526367,1002580000
2023-06-01,38.367256795979486,39.92332013723305,38.21872982052202,39.64420700073242,635873000
2023-06-02,39.970171105133474,40.37189627228211,38.934456059073696,39.202606201171875,482731000
2023-06-05,38.78593534052818,39.43985871743566,38.58457457981163,39.0471076965332,396094000
2023-06-06,38.70718409484521,39.03613834073106,38.02733822176895,38.53173828125,388729000
2023-06-07,38.79592485025507,39.37813750275476,37.2416933197928,37.360328674316406,511998000
2023-06-08,37.60857182578051,38.74508306628558,37.39024395636986,38.39216613769531,417772000
2023-06-09,38.917544642963016,39.589481974633344,38.44898543973068,38.651363372802734,427717000
2023-06-12,39.08005218877828,39.4090404400651,38.49983232769968,39.36118698120117,388701000
2023-06-13,40.06304000704874,40.97524120979665,39.61840552630367,40.896480560302734,613208000
2023-06-14,40.699081687742314,42.868421916484955,40.427910831503084,42.86543273925781,740465000
2023-06-15,42.471656431924984,43.15655476577704,42.01804672100597,42.522499084472656,568622000
2023-06-16,43.31704703395712,43.5872177031006,42.53045985415552,42.56136703491211,655709000
2023-06-20,42.86642741086615,43.85539247343839,42.54341754115194,43.673946380615234,451153000
2023-06-21,43.36789797033513,43.481551381643484,41.9512482252179,42.913291931152344,551603000
2023-06-22,42.12371153008249,43.29312268887753,42.10477246580242,42.89335250854492,417737000
2023-06-23,42.33406622553571,42.678007983073286,41.88643880055925,42.0798454284668,358140000
2023-06-26,42.33106146590188,42.63313563964644,39.97728642168272,40.507659912109375,594322000
2023-06-27,40.6741670319384,41.811674756586335,40.32424305595563,41.74787139892578,462175000
2023-06-28,40.535589450400664,41.71696498768914,40.39402564201727,40.99119186401367,582639000
2023-06-29,41.43083429013432,41.472705590731,40.475765515924735,40.697086334228516,380514000
2023-06-30,41.552463254955796,42.41980006839875,41.37401012697036,42.17255783081055,501148000
2023-07-03,42.38690024476898,42.76673493754276,42.07286548445585,42.28321838378906,198209000
2023-07-05,42.00608054471898,43.04489222098966,41.95623428714676,42.18752670288086,323618000
2023-07-06,41.7159719008241,42.04994599038348,41.219494533498526,41.974178314208984,303582000
2023-07-07,42.19250176000006,43.08177451798843,42.050937955304576,42.372947692871094,355881000
2023-07-10,42.52647545344216,42.680003559932054,41.521556604913506,42.050933837890625,353908000
2023-07-11,42.351013330555574,42.62716617688633,41.93828245284964,42.275245666503906,298244000
2023-07-12,42.901329149439654,43.80056964792914,42.64611193757971,43.767669677734375,481277000
2023-07-13,44.381783639889846,46.01377191487625,44.35586222212897,45.83631896972656,478204000
2023-07-14,46.44046575236375,47.94086182574558,44.92212700668265,45.32987594604492,772075000
2023-07-17,46.14736542203415,46.35372896631426,45.12350743190866,46.3188362121582,510488000
2023-07-18,46.55810196861849,47.74944513877749,45.59406179064249,47.34867477416992,569164000
2023-07-19,47.31876207580257,47.67167893614477,46.598971255607864,46.932945251464844,427502000
2023-07-20,46.36469771901338,46.942924858819666,44.92411943835553,45.38071823120117,537865000
2023-07-21,45.647898491989125,45.72566275241697,43.96506361938245,44.173423767089844,963769000
2023-07-24,44.59412592293156,44.97097143505105,43.90524224115585,44.47549057006836,382516000
2023-07-25,44.803489544215395,46.04168599596265,44.78554306973034,45.53923034667969,348081000
2023-07-26,45.88018262099463,45.912086196628444,44.493440026375104,45.312923431396484,364237000
2023-07-27,46.376665137451575,47.24998426093751,45.61001707056192,45.759559631347656,455976000
2023-07-28,46.52520665161332,46.88310935590441,46.23908604851757,46.606956481933594,331194000
2023-07-31,46.610938817532,46.985787745643954,46.36369657868276,46.58601379394531,251055000
2023-08-01,46.3178432431884,46.7564993884591,45.88616945228999,46.36470031738281,237858000
2023-08-02,45.69076967402106,45.699741010536016,43.254247470375134,44.133548736572266,530142000
2023-08-03,43.66598317678985,44.97995124703114,43.66598317678985,44.3787956237793,324176000
2023-08-04,44.84735625489334,45.502343664999096,44.257168589781394,44.54328918457031,362666000
2023-08-07,44.972959376455556,45.40064747859113,44.42663593423356,45.27802276611328,322154000
2023-08-08,44.715756986658505,45.10356664242382,43.92119480836412,44.52733612060547,353843000
2023-08-09,44.13852436844698,44.17641010034291,42.00507315736143,42.423789978027344,586449000
2023-08-10,42.03099398742127,43.440668733202855,41.70698769798923,42.258296966552734,492705000
2023-08-11,41.623242454978985,41.88942754104393,40.51464563346433,40.729984283447266,533085000
2023-08-14,40.36212325448417,43.66598244053229,40.18765947033582,43.61912536621094,690286000
2023-08-15,44.42365526404346,45.12948908567366,43.576253839259216,43.80554962158203,676512000
2023-08-16,44.38378393145876,44.53830846558312,43.27319018328481,43.35294723510742,527451000
2023-08-17,43.83546018459533,43.927177736442225,42.86942340203336,43.21137619018555,452395000
2023-08-18,42.504538056513674,43.44465333013322,41.5325230130091,43.166507720947266,583768000
2023-08-21,44.35785896625514,46.92099149712555,44.086691857163586,46.82329177856445,692573000
2023-08-22,47.987717576539744,48.03956041703018,45.194292833514275,45.52826690673828,755293000
2023-08-23,45.72566082679112,47.05557870269102,45.06967322504148,46.97183609008789,779046000
2023-08-24,50.06234798957418,50.11219423827407,47.014702631702306,47.0186882019043,1156044000
2023-08-25,46.8681553415664,47.6587282173918,44.88623538665841,45.877197265625,925341000
2023-08-28,46.33977561628421,46.83625296106333,44.75065488017665,46.69169616699219,685192000
2023-08-29,46.5232082617889,48.93081957760332,46.249048206065815,48.634727478027344,701397000
2023-08-30,48.89392272155759,49.77422013900087,48.27681739594178,49.113250732421875,735206000
2023-08-31,49.228904516562515,49.59178914058814,48.8081949008338,49.2039794921875,528570000
2023-09-01,49.60974109160753,49.64762302557311,47.9946951700236,48.360572814941406,463830000
2023-09-05,48.075442101099355,48.7015226451209,47.7135538785842,48.39944839477539,382653000
2023-09-06,48.296759777568035,48.40443608798967,46.441301191181296,46.920867919921875,468670000
2023-09-07,45.38944205496558,46.206003567946354,45.01755163903208,46.103309631347656,433330000
2023-09-08,45.805199355822154,46.46721981309031,45.13619596961709,45.43629837036133,473069000
2023-09-11,46.01058127939669,46.02553600450633,44.180049901886676,45.04347229003906,473966000
2023-09-12,44.60477844461375,45.53699557699163,44.39839411760551,44.736385345458984,349256000
2023-09-13,44.46719292129203,45.79323440179784,44.37048163678398,45.34955978393555,398355000
2023-09-14,45.81317890696642,45.8500674873585,44.99661733815953,45.44527816772461,370097000
2023-09-15,45.20598272428771,45.46321387121769,43.67754676368698,43.7692756652832,506831000
2023-09-18,42.62071131068282,44.11026214230338,41.87493751856223,43.8350830078125,500271000
2023-09-19,43.70247908606619,43.835082475156234,42.87395226873784,43.390411376953125,373064000
2023-09-20,43.470171462670386,43.7722706240914,42.09727282869751,42.113224029541016,367108000
2023-09-21,41.45917965283468,41.97463849257789,40.85797455001659,40.89486312866211,450736000
2023-09-22,41.448210386933276,41.98959657847822,41.10822617218465,41.48609924316406,479236000
2023-09-25,41.46715750384496,42.409343350786685,41.054388777119094,42.09627914428711,419091000
2023-09-26,41.87593746027921,42.69249905291122,41.53096703896299,41.78620529174805,402282000
2023-09-27,42.20395172792175,42.744337580019156,41.50503894981491,42.34153747558594,444935000
2023-09-28,42.333560978932496,43.316624912259975,41.989590912054574,42.960689544677734,424663000
2023-09-29,43.696491084144924,44.01254845640997,43.17803909015806,43.369468688964844,397830000
2023-10-02,43.89888769595612,45.04047860898654,43.73039221652358,44.648651123046875,433298000
2023-10-03,44.67457296774722,44.995616545503985,43.11722389309479,43.38741683959961,470850000
2023-10-04,43.61174167656964,44.01154851599341,43.163080966784406,43.90985107421875,361821000
2023-10-05,43.91883469559828,44.76630599321606,43.75731831894087,44.554935455322266,393483000
2023-10-06,44.061407980133865,45.65265626506475,43.89490543600504,45.625736236572266,434436000
2023-10-09,44.70847483791379,45.46920337034592,44.235887222293606,45.13819122314453,409675000
2023-10-10,45.17508663765547,46.121258407060864,44.95374754155894,45.6616325378418,368582000
2023-10-11,46.058434229249364,46.71946192056243,45.91286908713578,46.66661834716797,378137000
2023-10-12,46.63770730152995,47.46723049196412,46.1920397832419,46.805206298828125,481325000
2023-10-13,46.82016325151491,46.97570075879303,45.14516559213605,45.325626373291016,474115000
2023-10-16,44.92881981280981,46.08735858574587,44.77826845784265,45.95774841308594,375099000
2023-10-17,43.86898271179327,44.620739164515385,42.35350830716708,43.807167053222656,812333000
2023-10-18,42.464174898094846,43.090307040885016,41.700456999229225,42.070350646972656,627294000
2023-10-19,42.68352429308483,43.168077212016314,41.757289685675055,41.97563934326172,501233000
2023-10-20,41.76526014616155,42.34353485879464,40.955677830477995,41.26375961303711,477266000
2023-10-23,41.10623136446677,43.11922033673946,40.82307664352765,42.84703063964844,478530000
2023-10-24,42.94873204239224,43.56688484318148,42.56388363101051,43.53298568725586,401463000
2023-10-25,43.268776986595036,43.52002933970915,41.431266191839114,41.654598236083984,398379000
2023-10-26,41.72837068029658,42.13017050427248,39.76124631016128,40.20591735839844,541001000
2023-10-27,41.00752338515214,41.08329728392404,39.89584197944323,40.379398345947266,416784000
2023-10-30,40.964667345264616,41.64164270595532,40.360468880142975,41.03844451904297,388028000
2023-10-31,40.329553945294535,40.75727737613491,39.11318548755272,40.6585693359375,517969000
2023-11-01,40.762263418347544,42.2548076213784,40.74730869060931,42.198974609375,437593000
2023-11-02,43.19897442959199,43.75331849640394,42.766268706986494,43.37644577026367,409172000
2023-11-03,43.88892315557369,45.17408258825645,43.59280664299351,44.87099075317383,424610000
2023-11-06,45.15015318659169,45.798219181155844,44.765301009531704,45.61476516723633,400733000
2023-11-07,45.582867485335434,46.08037839216094,45.02353711440928,45.81816482543945,343165000
2023-11-08,45.96272659241924,46.72744479735544,45.83111967900613,46.43531799316406,346719000
2023-11-09,47.32565472798377,48.08638320008785,46.610790709948866,46.81019592285156,540496000
2023-11-10,47.358561621942854,48.32766746778713,47.14220871523475,48.19107437133789,421245000
2023-11-13,48.176113818422,48.96974494304787,47.9557712363459,48.4752197265625,384136000
2023-11-14,49.5320711696309,49.68561194374708,48.89397746750015,49.508140563964844,416954000
2023-11-15,49.78630718435211,49.811230458479834,48.05647298035821,48.74242401123047,475497000
2023-11-16,48.53405466377334,49.377536290551284,48.18609481694431,49.33266830444336,339756000
2023-11-17,49.37653194691317,49.56895804695832,48.861073108178935,49.151206970214844,325205000
2023-11-20,49.165169788318394,50.397489558773835,49.03455933420522,50.25890350341797,414120000
2023-11-21,49.97673388984551,50.366568411025234,49.07542649691953,49.7952766418457,565747000
2023-11-22,49.703557028583894,50.18511670142029,47.547992253967436,48.57093811035156,899420000
2023-11-24,48.32567320692598,48.77533048753054,47.60282974083701,47.63373947143555,294645000
2023-11-27,47.65766154840481,48.38548731555285,47.510103445888454,48.09834671020508,395662000
2023-11-28,48.09236545909725,48.17910819028839,47.33163699319086,47.6786003112793,401491000
2023-11-29,48.23494506927642,48.616804044774916,47.71748947427739,47.99665451049805,382005000
2023-11-30,47.88099726514556,47.96674352591701,46.28377015509841,46.630733489990234,526247000
2023-12-01,46.38646066120802,47.05944990418179,46.049465900778685,46.6257438659668,369317000
2023-12-04,45.939790296925786,45.939790296925786,44.87596630034032,45.37447738647461,437543000
2023-12-05,45.33460369954444,46.46532533448676,45.14016755025648,46.431427001953125,371718000
2023-12-06,47.078540477295284,47.25004424942053,45.2807500654452,45.37148666381836,380590000
2023-12-07,45.56792757808214,46.49424361639184,45.47220434901942,46.46133804321289,350823000
2023-12-08,46.4603430274887,47.60303102965734,46.41547109826504,47.368709564208984,359224000
2023-12-11,47.35374994188855,47.39363144924944,45.69755100849952,46.492244720458984,509728000
2023-12-12,45.912927610504205,47.52824471452688,45.912927610504205,47.51927185058594,372387000
2023-12-13,47.49135487990882,48.45356620387965,47.47041566072205,47.94902801513672,447792000
2023-12-14,48.2501437897404,48.52933332337193,47.28494297084845,48.21025848388672,391232000
2023-12-15,48.05471535600333,49.2612174369844,47.98092791403106,48.74870300292969,479948000
2023-12-18,49.25723229515319,50.28724399732617,49.0079548114807,49.932273864746094,412587000
2023-12-19,49.281156065075976,49.556359352120325,48.75368563402241,49.460636138916016,464444000
2023-12-20,49.51148681248871,49.85449435490147,47.95898761649741,47.97195053100586,397894000
2023-12-21,48.66993565248791,48.953115280045736,48.27906644393615,48.848419189453125,300425000
2023-12-22,49.0528277670803,49.24028417941197,48.326931024069744,48.68888473510742,252507000
2023-12-26,48.82647560877794,49.456649028909844,48.81849930781512,49.13657760620117,244200000
2023-12-27,49.36791528650649,49.536425600159234,48.94314392704513,49.27418518066406,233648000
2023-12-28,49.49953204501984,49.73983287122963,49.26919684127221,49.37887954711914,246587000
2023-12-29,49.66903891502132,49.85250906748791,48.61010784761711,49.37887954711914,389293000
2024-01-02,49.101683898702085,49.152535199799544,47.457451257375006,48.02879333496094,411254000
2024-01-03,47.34776169269325,48.044738980527136,47.183237655059315,47.4315185546875,320896000
2024-01-04,47.62895584693761,48.3598392451417,47.37070546015492,47.859291076660156,306535000
2024-01-05,48.321937950337194,49.40380119345811,48.16638677946172,48.955101013183594,415039000
2024-01-08,49.36890655044413,52.123921699220006,49.33600098033536,52.10198211669922,642510000
2024-01-09,52.24956080282397,54.16800018278708,51.54061326714163,52.98642349243164,773100000
2024-01-10,53.4610522035269,54.442205820352854,53.334416522190715,54.192928314208984,533796000
2024-01-11,54.84004936433209,55.186046630349715,53.40520900250216,54.66355895996094,596759000
2024-01-12,54.46213984268147,54.8111305781565,54.172980872190166,54.5518798828125,352994000
2024-01-16,54.858995015384636,56.67074127144449,54.74133601464206,56.219051361083984,449580000
2024-01-17,56.18415168775575,56.30779386315222,54.58179762947745,55.8910026550293,474394000
2024-01-18,57.094513264905174,57.43353079531085,55.94484563035105,56.94195556640625,491650000
2024-01-19,57.8214070619552,59.3280417723161,57.05961512425851,59.319068908691406,543501000
2024-01-22,59.87545295780241,60.15663944433183,58.8992822616046,59.48159408569336,452955000
2024-01-23,59.39784070948938,59.736858252012084,58.41568677878363,59.69996643066406,294654000
2024-01-24,60.12971710051197,62.667360005652704,59.76477374613349,61.18465805053711,560271000
2024-01-25,62.16979849805745,62.53773532424112,60.67413370207847,61.43891906738281,482777000
2024-01-26,60.78382411519858,61.60444749366959,60.39794531790314,60.854618072509766,390309000
2024-01-29,61.055031402652325,62.308398507444245,60.730973730437555,62.28446960449219,348733000
2024-01-30,62.718214176475605,63.30949885561756,62.08006064595033,62.59257507324219,410735000
2024-01-31,61.262435580323725,62.08904212424609,60.52457632784889,61.349185943603516,453795000
2024-02-01,61.92052952927185,63.00837994825412,61.471833071842404,62.844852447509766,369146000
2024-02-02,63.78910149469645,66.40751128682628,63.50592191536747,65.96878814697266,476578000
2024-02-05,68.02783445051155,69.2961616511714,67.010785504722,69.13163757324219,680078000
2024-02-06,69.42876454653677,69.55240673067756,66.10839412447636,68.02583312988281,683111000
2024-02-07,68.12155362100862,70.01706057362387,67.40462981569888,69.89640808105469,495575000
2024-02-08,69.87147502102263,70.58939534958982,69.2542683281726,69.43972778320312,414422000
2024-02-09,70.32917051969086,71.97639698775139,70.0090989991364,71.92455291748047,436637000
2024-02-12,72.39017991002451,74.39536957580593,71.0440830164451,72.03919982910156,613710000
2024-02-13,70.19655257557241,73.2377338167756,69.41880791459157,71.9195556640625,602580000
2024-02-14,72.99045103936953,74.02145939035373,71.7301040369102,73.68643188476562,504917000
2024-02-15,73.65551186894326,73.76120070674112,72.19075571305264,72.44800567626953,420122000
2024-02-16,73.88583129588693,74.18696038926223,72.29145377198925,72.40312957763672,495327000
2024-02-20,71.7390740272432,71.74805069531128,67.53825202114858,69.25128936767578,704833000
2024-02-21,67.8094614044966,68.68891622407938,66.05654635382845,67.27700805664062,673755000
2024-02-22,74.80817230671141,78.34790791274914,74.00549852714776,78.31101989746094,865100000
2024-02-23,80.55650787145979,82.15586840169918,77.3458128505141,78.5892105102539,829388000
2024-02-26,79.46967086730548,80.41294376465017,78.27812461798902,78.86343383789062,503973000
2024-02-27,79.151576284054,79.25029679601072,76.9389952975712,78.47354125976562,391705000
2024-02-28,77.39568548362723,78.70488691297152,76.9021132659983,77.43856048583984,393110000
2024-02-29,78.86541608909434,79.75882270864132,78.12356300049603,78.88336181640625,507289000
2024-03-01,79.76878610572811,82.0621417492055,79.20541661950624,82.04119873046875,479135000
2024-03-04,83.88685863778845,87.44155809825308,83.47705094561937,84.99066162109375,615616000
2024-03-05,85.02756212891575,85.85221432148215,83.1798336316164,85.71958923339844,520639000
2024-03-06,87.77173362164056,89.4688902523757,86.78254975478006,88.44779968261719,582520000
2024-03-07,89.90165539673119,92.5032385135836,89.34723648723485,92.405517578125,608119000
2024-03-08,94.86750020038097,97.12306982330983,86.26003928547323,87.27913665771484,1142269000
2024-03-11,86.18325727083518,88.54452056286361,83.92669117198699,85.53012084960938,678364000
2024-03-12,87.79866748859284,91.69854344348778,85.90506455225947,91.65167999267578,668075000
2024-03-13,90.7961026211969,91.24382347923168,88.18354935724443,90.62957763671875,635713000
2024-03-14,89.32231468480107,90.3882755061813,86.35377401546849,87.69395446777344,602318000
2024-03-15,86.68283850567245,89.29139794365639,86.01175546714047,87.5872573852539,642086000
2024-03-18,90.13100142686399,92.14226481208601,86.83739140527486,88.20349884033203,668976000
2024-03-19,86.4534797466604,90.28655172899164,84.7682901573293,89.14381408691406,672171000
2024-03-20,89.54168915568671,90.15295286698971,87.97216679685033,90.11505889892578,479063000
2024-03-21,92.0375720151123,92.38458214165158,90.1479556941056,91.1750259399414,480372000
2024-03-22,90.88186017417289,94.50852022791372,90.57573384993215,94.02091217041016,586719000
2024-03-25,93.67389990625729,96.49086455465545,93.24412560987103,94.73188018798828,552136000
2024-03-26,95.57846759747075,96.10097979295517,92.23899068459922,92.29782104492188,513648000
2024-03-27,92.8472628285773,92.97489725482532,88.8696059634602,89.99340057373047,586067000
2024-03-28,89.74410760252643,91.04041442208826,88.93940289555813,90.0990982055664,435212000
2024-04-01,90.04226569169144,91.96278458075767,88.95037777581965,90.1060791015625,452441000
2024-04-02,88.19651163521841,89.83783523468522,87.37087059473389,89.19766235351562,433064000
2024-04-03,88.23241336254476,90.11703889051455,88.14865256608842,88.71104431152344,370067000
2024-04-04,90.14893737073052,90.3762935173085,85.63580564756691,85.66073608398438,434965000
2024-04-05,86.61900791219938,88.22942139866663,85.68168582327746,87.75776672363281,399678000
2024-04-08,88.44779987998065,88.57743512523471,86.4854007087341,86.88526153564453,283220000
2024-04-09,87.19336556349879,87.38581757145292,82.78593537872872,85.11129760742188,501700000
2024-04-10,83.68737890315158,87.15150043777531,83.47099303047223,86.7915267944336,431929000
2024-04-11,87.17144056555283,90.48100403591603,86.67884945614712,90.35835266113281,431637000
2024-04-12,89.44395551817271,89.91860764142923,87.28112393379013,87.93525695800781,426805000
2024-04-15,88.84465613304712,90.35534773623158,85.68466822355283,85.75646209716797,443077000
2024-04-16,86.18724040676238,87.86744694735988,85.81929391974823,87.16645050048828,370453000
2024-04-17,88.08881052064652,88.52257881551526,83.71129364888468,83.79605865478516,495400000
2024-04-18,84.72839020490255,85.94492236911542,82.16769148595853,84.43023681640625,447260000
2024-04-19,82.91358102333888,84.08423897081519,75.39103216599602,75.98333740234375,875198000
2024-04-22,77.8819196640173,79.84532288255929,76.18276995811692,79.29190063476562,596341000
2024-04-23,80.53934787289336,82.53366130187051,80.03578647084935,82.18864440917969,438559000
2024-04-24,83.71130021339918,83.84292866853282,78.95785602564062,79.45045471191406,512208000
2024-04-25,78.64375119701494,83.08608614140688,78.00058847000186,82.39705657958984,424641000
2024-04-26,83.57968703669025,88.07985603184983,83.1499127117647,87.48554992675781,551011000
2024-04-29,87.34593487887717,87.74180161200195,85.02355474971789,87.50747680664062,388971000
2024-04-30,86.99196409148088,88.5664771787932,86.05464179740662,86.1563491821289,363709000
2024-05-01,84.83510772715242,85.75547993219622,81.02396844600167,82.80489349365234,559863000
2024-05-02,84.20889135183461,85.99180970266082,82.96344197206183,85.57300567626953,377898000
2024-05-03,87.53938813243457,89.0271426544853,86.79251724081982,88.53654479980469,398341000
2024-05-06,89.13583280876144,91.9577879691123,88.80178624215971,91.87801361083984,376203000
2024-05-07,90.8389759868272,91.52003263915564,88.75791206874568,90.29652404785156,437342000
2024-05-08,89.22857072950318,90.93470430679172,89.1657463302182,90.1549301147461,325721000
2024-05-09,90.27159797496299,90.81305333122494,87.9801353538175,88.49466705322266,378013000
2024-05-10,90.04823965753017,91.14112411341107,88.973301771079,89.62245178222656,335325000
2024-05-13,90.22074555223655,90.73927132421963,88.27728953555432,90.14197540283203,289680000
2024-05-14,89.34425926993435,91.3904271570829,88.6811490247398,91.09626770019531,296507000
2024-05-15,92.20908510921412,94.5922892882104,91.33856611429667,94.36094665527344,417735000
2024-05-16,94.64014935721045,95.54656142094716,93.83543705567772,94.09071350097656,323952000
2024-05-17,94.10069789533013,94.47063766933178,91.54498136339171,92.216064453125,359691000
2024-05-20,93.4834581877298,94.92933263128536,93.17434198712075,94.51052856445312,318764000
2024-05-21,93.33287026664621,95.1287520032466,92.915062881723,95.11479187011719,328946000
2024-05-22,95.18757094825777,95.74697281531282,92.9838557882849,94.68001556396484,548648000
2024-05-23,101.73791493789797,106.0177117858919,101.23135605250833,103.5038833618164,835065000
2024-05-24,104.15202926452054,106.172269937542,102.7071515406011,106.16629028320312,429494000
2024-05-28,109.93054862844438,114.61219912037285,109.57057499198291,113.5771484375,652728000
2024-05-29,112.72856525449089,115.16361558831227,110.58567348866953,114.4985122680664,557442000
2024-05-30,114.32401567603497,115.48969056494155,109.35119576529627,110.1858139038086,484553000
2024-05-31,112.20005836251356,112.39650442248492,106.63593026291203,109.32127380371094,613263000
2024-06-03,113.29793498606988,114.67301177978516,111.68453173387806,114.67301177978516,438392000
2024-06-04,115.38699108204422,116.26847269779265,113.72073695926161,116.1059341430664,403324000
2024-06-05,118.03444216742467,122.10084264977675,117.13400975669744,122.09187316894531,528402000
2024-06-06,123.69529221491227,125.22991785379394,117.98358173920542,120.65396881103516,664696000
2024-06-07,119.42945596831338,121.34599585382935,117.68643254910567,120.54428100585938,412386000
2024-06-10,120.02774969821236,122.74998311505551,116.6773027177119,121.44371032714844,313434100
2024-06-11,121.43374431859081,122.53071289546243,118.41211249470811,120.57612609863281,222551200
2024-06-12,122.72018091821553,126.5296321042774,122.23153612962203,124.8542709350586,299595000
2024-06-13,129.0327119863157,129.4415834964467,126.80887399420205,129.25210571289062,260704500
2024-06-14,129.60114223243076,132.4731792100278,127.9656714477386,131.51583862304688,309320400
2024-06-17,132.62277611443673,133.36072299109455,129.2221885999668,130.61831665039062,288504400
2024-06-18,130.7778703322321,135.95354113797538,130.3291160023479,135.2056121826172,294335100
2024-06-20,139.41396587386305,140.3713064535189,129.16235380151105,130.4188690185547,517768400
2024-06-21,126.76898910126683,130.2692991464158,123.95677620908012,126.22050476074219,649445800
2024-06-24,122.89967494041525,124.11630717061917,117.71403760101381,117.78384399414062,476060900
2024-06-25,120.86531009404065,126.1506774907381,118.99050434542877,125.74180603027344,414192600
2024-06-26,125.7817056647018,127.76620840809865,122.26145451808375,126.05096435546875,362975900
2024-06-27,123.75730274535012,126.0609289734585,122.58056095000113,123.6476058959961,252571700
2024-06-28,124.23598924744037,127.35734339260638,122.41104074475835,123.19886016845703,315516700
2024-07-01,123.12906191428952,124.49527404629498,118.50187501478464,123.95677185058594,284885500
2024-07-02,120.79549721367266,123.06920739309287,120.69577488496827,122.33124542236328,218374000
2024-07-03,121.32405134915433,127.92576599121094,121.02487672675784,127.92576599121094,215749000
2024-07-05,127.02825932218164,128.4942089959331,125.33295662282136,125.4825439453125,214176700
2024-07-08,127.13793933281039,130.40888813496693,126.68918503314605,127.84597778320312,237677300
2024-07-09,129.99007251430768,133.45049207075732,128.29475452643044,131.01722717285156,285366600
2024-07-10,133.65991582693005,134.72696865235594,132.0543607420923,134.53749084472656,248978600
2024-07-11,135.37514352274295,135.7740328866088,126.69917051710233,127.04820251464844,374782700
2024-07-12,127.90581292565753,131.5557097271737,126.86869151292463,128.88311767578125,252680500
2024-07-15,130.19946809344353,131.02717795052595,126.828804392605,128.0853271484375,208326200
2024-07-16,128.0853283678797,128.68366239858466,124.2359867587292,126.01107025146484,214769500
2024-07-17,121.01490699704938,121.51352631521466,116.39769484983655,117.6641845703125,390086200
2024-07-18,121.51352635797906,122.0620106514847,116.23813305693453,120.75562286376953,320979500
2024-07-19,120.01766279092804,121.26421102849133,117.04589605324009,117.6043472290039,217223800
2024-07-22,120.01766653236042,123.72739542032818,119.52902173833405,123.19886016845703,258068900
2024-07-23,122.44095023584373,124.34567955387372,121.76282770486009,122.25147247314453,173911000
2024-07-24,118.84093724595712,119.61878223552345,113.12676360209511,113.93452453613281,327776900
2024-07-25,112.72785895570485,116.30794209044977,106.00647252262672,111.96995544433594,460067000
2024-07-26,115.86915683172242,115.87912373985303,111.27188621900741,112.74779510498047,293399100
2024-07-29,113.3760676606231,115.95891218291776,110.99266783046404,111.2818603515625,248152100
2024-07-30,111.21203931839821,111.68074265241845,102.25684143468115,103.44355773925781,486833300
2024-07-31,112.58823561538453,118.01320824039244,110.57380945153913,116.69685363769531,473174200
2024-08-01,117.20545726694776,119.82819978465332,106.51505772619602,108.90843200683594,523462300
2024-08-02,103.47347587762454,108.4197782586363,101.09007631034588,106.9737777709961,482027500
2024-08-05,91.80578374541406,103.12444802394918,90.43957172286065,100.17261505126953,552842400
2024-08-06,103.55325619325184,107.41257244920943,100.27234777984627,103.96212768554688,409012100
2024-08-07,107.51229690555586,108.4995686514933,98.41748524596572,98.63687896728516,411440400
2024-08-08,101.71833034514779,105.20866520993226,97.25069837056012,104.68013000488281,391910000
2024-08-09,105.348288539487,106.30563671378638,103.14439207443418,104.46074676513672,290844200
2024-08-12,106.02641463942724,110.76329830179426,105.96658275414626,108.71895599365234,325559900
2024-08-13,112.1295103919247,115.90904559128121,111.27188458899278,115.81929016113281,312646700
2024-08-14,118.20270641520212,118.27251282253927,113.75502255606693,117.75395202636719,339246400
2024-08-15,118.43206727440648,122.89969228155606,117.1456284695593,122.52074432373047,318086700
2024-08-16,121.60327554530542,124.6548231821397,120.84537209002657,124.2359848022461,302589900
2024-08-19,123.93681555512863,129.64102172851562,123.07918972579691,129.64102172851562,318333600
2024-08-20,128.04543898793298,129.52136317375601,125.54237540722741,126.89862060546875,300087400
2024-08-21,126.96843015643721,128.99283109530663,126.31025657503493,128.14517211914062,257883600
2024-08-22,129.66096486520394,130.3889447703718,122.7600680862335,123.39830017089844,376189100
2024-08-23,125.51245424374224,129.2421321879317,124.87422213092064,129.01275634765625,323230300
2024-08-26,129.2122143703238,130.89753484404284,124.02656901853358,126.11079406738281,331964700
2024-08-27,124.70469880770285,128.84323320422493,123.53792378071748,127.94572448730469,303134600
2024-08-28,127.76620894054898,127.97563574905244,122.30134548595971,125.26314544677734,448101100
2024-08-29,121.02487540717718,124.08639756190335,116.38771446055243,117.2652816772461,453023300
2024-08-30,119.19992897597831,121.41379989153823,116.89631023816276,119.04037475585938,333751600
2024-09-03,115.68965834345619,115.88910303086084,106.99373606605621,107.70177459716797,477155100
2024-09-04,105.11892359162538,112.95721192187169,103.83248489547353,105.91670989990234,372470300
2024-09-05,104.70009212019605,109.34722825345308,104.47073147298623,106.9139633178711,306850700
2024-09-06,107.74165540315337,107.85135225389573,100.6712300257278,102.5460433959961,413638100
2024-09-09,104.59038905946406,106.25578342210773,103.40368021481835,106.1760025024414,273912000
2024-09-10,107.5122906776436,109.09790400275718,104.66018768236026,107.8014907836914,268283700
2024-09-11,109.0879346022382,116.86639906475774,107.12337325723898,116.58717346191406,441422400
2024-09-12,116.52731901421612,120.4667529234298,115.0712270559041,118.8211669921875,366052700
2024-09-13,118.76133738659651,119.6389797203674,117.28529459768677,118.78128051757812,238358300
2024-09-16,116.47745888999548,117.86373849865818,114.05396151496328,116.46748352050781,248772300
2024-09-17,117.85377554798693,118.48209453930119,114.52271703198278,115.28067779541016,231925900
2024-09-18,115.57986510061662,117.38501890816246,112.917012138231,113.06661224365234,310318900
2024-09-19,117.0359679559666,119.33979153223306,116.93623707940027,117.55458068847656,293506400
2024-09-20,116.74675151820551,118.30258221910756,115.0812221714436,115.68959045410156,382462400
2024-09-23,116.2381155598996,116.67693294698849,114.55263556044001,115.94889068603516,206228500
2024-09-24,116.20818908018337,121.47406618937484,115.07124032940908,120.54655456542969,354966800
2024-09-25,121.69346336275538,124.60565503965537,121.28456450552947,123.17948150634766,284692900
2024-09-26,126.46067739619816,127.32834434574869,121.47405774507013,123.70806121826172,302582900
2024-09-27,123.63825663510784,123.69809363981746,118.94086154094774,121.07513427734375,271009200
2024-09-30,117.99339197466074,121.17485775300766,117.83382410218941,121.11502075195312,226553700
2024-10-01,121.44412897274735,122.11234177416986,115.48013626179672,116.68689727783203,302094500
2024-10-02,116.12839762685847,119.06052472572213,114.83187351018621,118.53194427490234,221845900
2024-10-03,120.59641230247804,124.0272091849403,120.01796257527629,122.52124786376953,277118000
2024-10-04,124.6056517279934,124.70538259718006,121.50397375972977,124.58570098876953,243678100
2024-10-07,124.65551433206126,130.29039598837593,124.61562046227938,127.37821197509766,346250200
2024-10-08,129.9114112143918,133.1227955252644,129.07366275536995,132.5343780517578,285722500
2024-10-09,133.75112849037495,134.16003500176663,131.02843810434518,132.29502868652344,246191600
2024-10-10,131.55698582348705,134.63871270645942,130.64941751515693,134.44921875,242311300
2024-10-11,133.6513755856735,135.4166432187145,133.30232133780012,134.43927001953125,170209500
2024-10-14,136.104806530019,139.22643549757692,135.93526327737888,137.70053100585938,232347700
2024-10-15,137.5010592255131,138.19919822128062,128.3955011745818,131.2478485107422,377831000
2024-10-16,133.6214472599385,136.25438165655956,131.22787606953918,135.35679626464844,264879700
2024-10-17,138.9671381366491,140.5129935540953,136.5037463621669,136.56358337402344,306435900
2024-10-18,138.2989120156457,138.52829226592988,136.9126323168706,137.63070678710938,176090200
2024-10-21,137.76036967912168,143.325439453125,137.63071268872676,143.325439453125,264554500
2024-10-22,142.52756130979012,144.03351491090646,141.40058044009385,143.2057342529297,226311600
2024-10-23,141.649914730207,142.04883820987033,137.09215234233463,139.1865234375,285930000
2024-10-24,140.4431777464081,140.97175826689335,138.08949241788707,140.03427124023438,172354900
2024-10-25,140.55287134358582,143.74432048434818,140.42322956503693,141.16123962402344,205122100
2024-10-28,142.6173258267159,142.7569505719539,139.67522319765803,140.1439666748047,173586700
2024-10-29,139.91457158033694,141.8793009979601,138.52829188537018,140.87200927734375,157593600
2024-10-30,139.16657905851807,139.9544735111022,136.4438889013892,138.9671173095703,179418100
2024-10-31,137.23176786248834,137.2417356225259,131.7564544469141,132.4047088623047,270039600
2024-11-01,134.3395349599235,136.94255111570317,134.2098931927627,135.03765869140625,207127800
2024-11-04,136.84282779526694,138.58814473225323,135.207217103038,135.68592834472656,187528200
2024-11-05,137.08217511986183,139.99435925396384,136.9625011145287,139.5355987548828,160537400
2024-11-06,142.57743460752744,146.09798683530676,141.58011068537002,145.2203369140625,242043900
2024-11-07,145.9982557303204,148.53145192465237,145.77884323892675,148.48159790039062,207323300
2024-11-08,148.3718728926044,149.3691967390222,145.868580298605,147.23492431640625,175665800
2024-11-11,148.28212306443757,148.45168153400843,143.18581210072784,144.87127685546875,182325600
2024-11-12,146.3871892091523,149.2495037052901,145.61924560605905,147.8931427001953,198634700
2024-11-13,148.67108050956173,148.93037924410717,145.5095503668412,145.87857055664062,191903300
2024-11-14,147.24491377788954,148.60127501764129,145.16051028397845,146.3672637939453,194463300
2024-11-15,144.4823175216733,144.85133773586546,139.70514243904907,141.6000518798828,250132900
2024-11-18,139.1266784396513,141.1711953957962,136.7829612819808,139.77493286132812,221205300
2024-11-19,140.9418317601378,146.73628163269873,140.61271302151263,146.61659240722656,227834900
2024-11-20,147.0155246522584,147.16511715506326,142.34804073132528,145.4995880126953,309871700
2024-11-21,148.95033233522298,152.48085228758558,140.3234713661803,146.27749633789062,400946600
2024-11-22,145.5394587043998,146.76617796798797,140.72239801394366,141.5701141357422,236406200
2024-11-25,141.61003096699034,141.66986796819967,135.45654411602544,135.656005859375,344941900
2024-11-26,137.33150030488406,138.9272246590056,135.30693397114106,136.5535888671875,190287700
2024-11-27,134.64869500572706,136.85278753282546,131.44729379106425,134.97781372070312,226370900
2024-11-29,136.41396798376013,138.97709782710584,135.68592576491588,137.88003540039062,141863200
2024-12-02,138.45847968192444,140.07413953973298,137.45118801543165,138.25901794433594,171682800
2024-12-03,137.89001081273594,140.16390831614373,137.58084280749418,139.88465881347656,164414000
2024-12-04,141.6200054773523,145.39985667412174,139.9145747718299,144.75160217285156,231224300
2024-12-05,144.7316811593895,146.15794567004286,143.57470176815542,144.6818084716797,172621200
2024-12-06,144.22297517109268,145.32009789302302,140.9415450143936,142.068603515625,188505600
2024-12-09,138.60766082087318,139.58510137793925,136.77246195727844,138.4480743408203,189308600
2024-12-10,138.6475487860502,141.4502349567079,133.44115786086326,134.71783447265625,210020900
2024-12-11,137.00186458417264,139.80453569143606,134.85747632446007,138.94677734375,184905200
2024-12-12,136.72258646567687,138.07904108019704,135.44592508954074,136.98190307617188,159211400
2024-12-13,138.57773734651352,139.2360201486468,132.19441524956173,133.89996337890625,231514900
2024-12-16,133.8301313094174,134.04955889819416,130.07994062496547,131.65582275390625,237951100
2024-12-17,128.75340490862754,131.24688636654815,126.52922370948323,130.05001831054688,259410300
2024-12-18,133.51098920213212,136.3435808551527,127.94553603601128,128.5738983154297,277444500
2024-12-19,131.41644980197495,133.68053537391728,129.212220572867,130.33926391601562,209719200
2024-12-20,129.4715360054975,134.92727495716574,127.88568536239204,134.34878540039062,306528600
2024-12-23,135.9246564899382,139.42549888718457,134.76767747092137,139.30581665039062,176053500
2024-12-24,139.63495779620516,141.52999756440977,138.28847175842643,139.85438537597656,105157000
2024-12-26,139.33575896662117,140.48276971800976,137.37089410442982,139.56515502929688,116205600
2024-12-27,138.1887488761999,138.65752461945982,134.35876491420703,136.6527557373047,170582600
2024-12-30,134.47844750631418,139.9042657427297,133.67056192681179,137.1315155029297,167734700
2024-12-31,137.67010377599792,137.71000800391963,133.48105776544256,133.93984985351562,155659200
2025-01-02,135.64539681236818,138.51789243847597,134.27897378808947,137.94937133789062,198247200
2025-01-03,139.6449446721197,144.52219430432945,139.36567593719187,144.09332275390625,229322500
2025-01-06,148.2025685915748,151.7632676182901,147.43458721714921,149.04037475585938,265377400
2025-01-07,152.63098706400407,152.73073241075815,139.6449312609891,139.77459716796875,351782200
2025-01-08,142.20825109505992,143.57467420574872,137.20133554653654,139.74468994140625,227349900
2025-01-10,137.09162690267476,139.55518814906236,133.87005266470834,135.55564880371094,207602500
2025-01-13,129.65108668370792,133.14196124495902,129.1723272147668,132.88262939453125,204808900
2025-01-14,135.6952813829554,136.02442280388445,129.71092511662002,131.4164581298828,195590500
2025-01-15,133.30153730793728,136.09424010113995,130.94768976753863,135.88479614257812,185217300
2025-01-16,138.2785134363621,138.38822723428095,133.14194748607855,133.22174072265625,209235600
2025-01-17,136.33362250306786,138.13890101266898,135.10683363626262,137.35096740722656,201188800
2025-01-21,138.79717036536638,141.4602070208564,136.7325601923546,140.4628143310547,197749000
2025-01-22,144.2828338584672,147.40466270866227,143.2954095914058,146.68655395507812,237651400
2025-01-23,144.67181084027297,146.8461195709751,143.34527675360425,146.83615112304688,155915500
2025-01-24,147.98313043457708,148.58157206293976,141.5100624088345,142.2481231689453,234657600
2025-01-27,124.47461463210544,128.06521929651885,116.39572750391632,118.11124420166016,818830900
2025-01-28,121.49238479939024,128.6636397113665,115.94688462361518,128.65367126464844,579666400
2025-01-29,126.17018228394103,126.55916484585856,119.73700212037913,123.37747955322266,467120600
2025-01-30,122.77903527699785,124.67408285834512,117.79207196266405,124.32499694824219,392925500
2025-01-31,123.45726093608867,127.51664871512425,118.8792323275003,119.7569351196289,388161100
2025-02-03,114.45081877343719,118.26085879772401,112.71535750831777,116.35584259033203,371235700
2025-02-04,116.65504122535879,120.88398385074507,116.39571701060105,118.34063720703125,256550000
2025-02-05,121.44252915135603,124.67407915232373,120.44513651813745,124.50452423095703,262230800
2025-02-06,127.08777312720079,128.43425932928383,124.88353622330139,128.344482421875,251483600
2025-02-07,128.88307105233656,130.03006643749526,124.67407312607986,129.50144958496094,228186300
2025-02-10,129.7508034170435,134.64800487659767,129.621152724233,133.22174072265625,216989100
2025-02-11,132.23432300379022,134.12936300336048,130.67839286199495,132.45375061035156,178902400
2025-02-12,129.68100547013307,131.89521852186024,128.7434538800678,130.79808044433594,160278600
2025-02-13,131.21697039655388,136.14409236479662,130.82798788427175,134.93724060058594,197430000
2025-02-14,136.12414513567924,138.8869270481558,135.1467045962306,138.48797607421875,195479600
2025-02-18,140.90166414837108,143.06600437599374,137.57036112568994,139.03652954101562,219176600
2025-02-19,139.1462426003846,140.99142508356047,136.86222013681927,138.86697387695312,167536000
2025-02-20,139.6648967001902,140.29325896288867,136.43333891646114,139.74468994140625,143903600
2025-02-21,139.6748562571626,141.09116717483585,133.68053207054632,134.07948303222656,228217600
2025-02-24,136.20396396001723,138.22867021014434,129.74086261032588,129.94033813476562,251381100
2025-02-25,129.64109140603463,129.86051900489684,124.11554286315072,126.2998275756836,271428700
2025-02-26,129.6510837247691,133.38132271635274,128.1549946612343,130.93771362304688,322553800
2025-02-27,134.64801060127058,134.6579790491402,119.69709659183455,119.83673095703125,443175800
2025-02-28,117.71228067710521,124.76384661623277,116.09650940652436,124.59429168701172,389091100
2025-03-03,123.18796891235903,123.37746834229016,111.98724605192426,113.76260375976562,411381400
2025-03-04,110.36150296756519,118.9989197292815,109.82291000037466,115.68757629394531,398163300
2025-03-05,117.27342459632162,117.971596377653,114.2114295961939,116.99415588378906,284337900
2025-03-06,113.2339891683523,115.04924353236196,109.93262184934352,110.28170776367188,321181900
2025-03-07,110.9599388924034,113.18412798197828,107.27955736061682,112.39618682861328,341755500
2025-03-10,109.61344966651625,111.5583622176382,105.18502403072868,106.70106506347656,366487400
2025-03-11,106.71104344992001,111.94735515473401,104.49683042579257,108.47643280029297,354865700
2025-03-12,113.83292501602207,116.46628328215824,112.59603885298675,115.44884490966797,323857500
2025-03-13,116.73560262668995,117.46376961532557,113.50375517662202,115.28925323486328,299033100
2025-03-14,118.31162236591584,121.57339292473429,117.85278046649132,121.36392211914062,277593500
2025-03-17,122.43124092622188,122.58086511779604,117.73309001608916,119.22931671142578,255501500
2025-03-18,117.70316017412442,118.7205909220559,114.25186503478537,115.1396255493164,299686900
2025-03-19,116.97498651717953,120.14698705841565,115.3889900516623,117.22435760498047,273426200
2025-03-20,116.25680439544837,119.89761619602571,116.17700382075364,118.23181915283203,248829700
2025-03-21,116.64582513098318,117.6931791575635,115.1296446207881,117.4039077758789,266498500
2025-03-24,119.57842622721644,121.91254366285413,119.03978374206928,121.10458374023438,228452500
2025-03-25,120.24674348347415,120.98487978418257,118.62083909476823,120.38639068603516,167447200
2025-03-26,118.4313220614094,118.5410383402261,112.42646191953317,113.47382354736328,293463300
2025-03-27,111.06987289318275,114.1620726346108,110.38161391592817,111.14967346191406,236902100
2025-03-28,111.20952516946487,112.58605840733117,108.79561493145202,109.39410400390625,229872500
2025-03-31,104.86552901006266,110.68086470981991,103.38925640513808,108.10735321044922,299212700
2025-04-01,108.2470050831867,109.92277920039626,106.20216660392524,109.87290954589844,222614000
2025-04-02,107.0200962834212,111.69830029652357,106.5213541109438,110.14221954345703,220601200
2025-04-03,103.24961996040646,105.36428217323731,101.34442096353821,101.5439224243164,338769400
2025-04-04,98.66118836013088,99.87811296890389,91.87829121020437,94.07275390625,532273800
2025-04-07,87.23998007579976,101.49403230771996,86.40209687721266,97.39437103271484,611041300
2025-04-08,103.54885717389794,105.58372634261488,94.2223791915971,96.05775451660156,476243400
2025-04-09,98.6412345329499,114.8104562069238,97.28465510127192,114.04239654541016,612918300
2025-04-10,109.09487535601897,110.58112503277279,98.90058321638736,107.29940032958984,437812400
2025-04-11,108.22706011361765,111.26939065397997,107.20962934859612,110.65094757080078,313417300
2025-04-14,113.82295197096049,114.00249947758738,108.7956293956101,110.43150329589844,264705000
2025-04-15,110.69084593782598,113.33418114021705,110.22202704858428,111.9177474975586,228966900
2025-04-16,104.28700420641553,106.52136728458446,100.19731179816195,104.2271499633789,397016900
2025-04-17,104.18723281096233,104.20718675881294,99.79830794879128,101.23468017578125,292517500
2025-04-21,98.52152791683338,99.18984822876095,94.80091547691985,96.66621398925781,288501100
2025-04-22,98.5314962128766,99.55890380627321,97.03526978904827,98.64122009277344,241004800
2025-04-23,104.25706634151078,104.53636836662163,101.76335533667917,102.45162200927734,247526000
2025-04-24,103.21968611105362,106.2719858525715,102.85061415392688,106.16226196289062,220815000
2025-04-25,106.5812047250048,111.63845023877658,105.46402708737592,110.73074340820312,251064700
2025-04-28,109.41407373912219,110.0923634818257,105.75329995750923,108.45648956298828,207708500
2025-04-29,107.39914795371472,109.9227823722281,107.16973079396023,108.7457504272461,170444300
2025-04-30,104.20719367744803,108.64599609375,103.81817538074749,108.64599609375,235044600
2025-05-01,112.79554223516973,114.65086390129245,111.02002115064856,111.32923889160156,236121500
2025-05-02,113.8927727544179,115.10970497913567,113.08481279973248,114.21196746826172,190194800
2025-05-05,112.62597685282235,114.38154406705421,112.3766057315755,113.53368377685547,133163200
2025-05-06,111.19957134225872,114.4513652140045,110.541227943435,113.25438690185547,158525600
2025-05-07,112.7656187028628,117.38396890879066,111.99755142427854,116.7655258178711,206758800
2025-05-08,117.95252869863282,118.38144728921775,115.55856464909375,117.07474517822266,198428100
2025-05-09,117.05480348234514,117.93259470484641,114.92018728068513,116.3565673828125,132972200
2025-05-12,121.66318211752383,122.69058990478516,119.97743092665668,122.69058990478516,225023300
2025-05-13,124.66559728217729,130.88989748886456,124.1568781333485,129.60313415527344,330430100
2025-05-14,132.86491109788813,135.09928149974084,131.34873063875938,134.99952697753906,281180800
2025-05-15,133.95217934435928,135.95713281870513,132.32629004982778,134.49082946777344,226632600
2025-05-16,135.87733175434735,136.0070096021913,133.1242801768634,135.05938720703125,226542500
2025-05-19,132.05696494191162,135.5282065455698,132.05696494191162,135.22897338867188,193154600
2025-05-20,133.95217650431997,134.24145551049554,132.286379343903,134.04196166992188,161514200
2025-05-21,132.72528507307794,137.05436414816955,130.26149714159004,131.4684600830078,270608700
2025-05-22,131.89733771424724,133.91226015482565,131.21905573210503,132.49583435058594,187344000
2025-05-23,129.67296865108418,132.3462194682512,128.8350854296202,130.959716796875,198821300
2025-05-27,133.81253901253905,135.31875034213425,132.97465568903243,135.15914916992188,192953600
2025-05-28,135.68780317037033,136.904735369061,134.45091702175245,134.4708709716797,304021100
2025-05-29,141.8921589021039,143.12904506361895,137.56308016740775,138.83985900878906,369241900
2025-05-30,138.37105052724368,139.26878048564038,132.5856374053386,134.7900848388672,333170900
2025-06-02,135.14916370580715,137.7725372671851,135.05937854437917,137.03440856933594,197663100
2025-06-03,138.43088175862894,141.64278269656361,137.60296789247522,140.86474609375,225578800
2025-06-04,141.8323286265058,142.03182248964907,139.18898547353785,141.56300354003906,167120800
2025-06-05,141.8123566062966,143.63775490128222,138.48076233301106,139.63784790039062,231397900
2025-06-06,142.1515008770834,142.9095987862069,141.15401644541944,141.36349487304688,153986200
2025-06-09,142.8297985646697,144.63524295526028,141.58294302195193,142.27120971679688,185114500
2025-06-10,142.3310452201821,143.92701105784593,141.17395971410352,143.5978546142578,155881900
2025-06-11,144.25623511410478,144.6353103750697,141.52293261104455,142.4805908203125,167694000
2025-06-12,141.62269259555393,144.64527893066406,141.50299102868564,144.64527893066406,162365000
2025-06-13,142.13144281545507,143.22875794239724,140.50544068193668,141.62269592285156,180820600
2025-06-16,142.9993260342438,145.82238955213242,142.84968384945327,144.33604431152344,183133700
2025-06-17,144.13651543605366,144.86472525299953,143.42824573031362,143.7674102783203,139108000
2025-06-18,143.6576946584193,145.2936820241915,142.7698725249477,145.1240997314453,161494100
2025-06-20,145.09416929186932,145.84233449814036,142.30101614416546,143.4980926513672,242956200
2025-06-23,142.1513937655616,144.42581484809375,141.68254233682853,143.8173065185547,154308900
2025-06-24,145.20390562225958,147.59804349475166,145.1440548392029,147.53817749023438,187566100
2025-06-25,148.90484638085596,154.07216728635598,148.8948611020321,153.93251037597656,269146500
2025-06-26,155.59840525486092,156.33660039378947,153.6232534017049,154.64076232910156,198145700
2025-06-27,155.65826650868465,158.32174817747665,154.880175871103,157.3640899658203,263234500
2025-06-30,158.01250107649778,158.2718747820143,155.57848281781088,157.603515625,194580300
2025-07-01,155.90767922014737,156.8154568459456,151.1194330800588,152.9250030517578,213143600
2025-07-02,152.60576718743292,157.2144758260153,152.5957971297394,156.86532592773438,171224100
2025-07-03,157.98256705200242,160.58618269349765,157.3840439934681,158.9501953125,143716100
2025-07-07,157.81297934590498,158.92026447090194,156.95508262544374,157.85289001464844,140139000
2025-07-08,158.94022243433284,159.82804456030718,158.0025195823342,159.60858154296875,138133000
2025-07-09,160.8256093227867,164.01777813022636,160.7657585360006,162.48155212402344,183656400
2025-07-10,163.91802564623063,164.0975779997467,161.214648514871,163.6985626220703,167704100
2025-07-11,163.31947923241253,167.47927598463818,163.07009082840767,164.51654052734375,193633300
2025-07-14,164.96543236823985,165.08514914967665,161.62363697338392,163.6686248779297,136975800
2025-07-15,170.77121644956358,171.97824787505814,168.78607915204378,170.28240966796875,230627400
2025-07-16,170.64155116167618,171.32986572140587,168.4868312933388,170.95079040527344,158831500
2025-07-17,171.59919907952485,173.73396348002274,170.41210769028996,172.57679748535156,160841100
2025-07-18,173.21522225123383,173.8237306114437,170.841039596405,171.9882354736328,146456400
2025-07-21,172.32741344479308,172.9558771895842,170.58169435056217,170.9607696533203,123126100
2025-07-22,170.9208374301641,170.97071815657463,164.17738028748298,166.6213836669922,193114300
2025-07-23,169.1152862046913,170.84104993206878,167.55910478842375,170.3622283935547,154082200
2025-07-24,172.01814916975516,173.4047480967394,170.88093864849802,173.31497192382812,128984600
2025-07-25,173.18529303585547,174.29257821699642,172.53688923976992,173.0755615234375,122316800
2025-07-28,173.59430945229414,176.56701539294556,173.54442872003753,176.317626953125,140023500
2025-07-29,177.52464594674228,178.94117023690123,174.59183591750704,175.08062744140625,154077500
2025-07-30,176.07820855766118,179.44994513464422,175.60935707311754,178.8314666748047,174312200
2025-07-31,182.4525537970388,182.8515843840116,175.4996037416905,177.4348602294922,221685400
2025-08-01,173.66410339060943,176.10810667785404,170.47193489983317,173.29501342773438,204529000
2025-08-04,174.7314908730668,179.75915428060495,174.09305718288007,179.5596466064453,148174600
2025-08-05,179.18058718831315,179.81902093485988,175.46968627980374,177.82391357421875,156407600
2025-08-06,175.89862689332494,179.45988530544022,175.81882077930385,178.98106384277344,137192300
2025-08-07,181.12581999654523,183.43016644757114,178.36259217804582,180.32777404785156,151878400
2025-08-08,181.10587113034643,182.85159004607542,179.95867528141937,182.2530517578125,123396700
2025-08-11,181.6046539661726,183.39026839012567,179.80905426349312,181.6146240234375,138323200
2025-08-12,182.51242163652668,184.02869221788941,179.0209838780724,182.71192932128906,145485700
2025-08-13,182.1732462738988,183.51994981646104,178.9112567337155,181.14576721191406,179871700
2025-08-14,179.3102712094187,182.57227595462552,179.02098734413144,181.57472229003906,129554000
2025-08-15,181.43506987144983,181.45500998578265,177.6044521364236,180.00856018066406,156602200
2025-08-18,180.15818875593718,182.49246055927404,180.14820347806383,181.56472778320312,132008000
2025-08-19,181.98370991508045,182.0535459787435,175.06070018553257,175.2103271484375,185229200
2025-08-20,174.74146841521826,175.56943975883806,168.38705663117767,174.9709014892578,215142700
2025-08-21,174.42226928848822,176.4672421817212,173.38480492387563,174.55194091796875,140040900
2025-08-22,172.1877371490149,178.15310374912357,170.78118284108405,177.55458068847656,172789400
2025-08-25,177.91371253514103,181.46500135257926,176.13806812642193,179.37013244628906,163012800
2025-08-26,179.61950918930867,181.94381103857447,178.37256711704984,181.32533264160156,168688200
2025-08-27,181.5347912004848,182.04355325393357,178.66184732021665,181.15573120117188,235518900
2025-08-28,180.3776517699909,184.01871637210735,175.9784366795831,179.72923278808594,281787800
2025-08-29,177.67430043382657,177.71419588670034,172.72642709704877,173.75390625,243257900
2025-09-02,169.5841376854209,171.95832048388473,166.8109394751057,170.3622283935547,231164900
2025-09-03,170.64153226145447,171.9882358353705,168.46687251736884,170.20260620117188,164424900
2025-09-04,170.1527518438138,171.43958949445846,168.9955858311417,171.24008178710938,141670100
2025-09-05,167.61894341349083,168.61649709218636,163.66863936987482,166.61141967773438,224441400
2025-09-08,167.14011909123317,170.54178073137314,166.9406114031506,167.89825439453125,163769100
2025-09-09,168.6763418810487,170.5617176578999,166.3320999523285,170.34225463867188,157548400
2025-09-10,176.20789518840485,178.851406558282,175.04075911822534,176.89620971679688,226852000
2025-09-11,179.25054698686972,179.84911904071384,176.05819821844705,176.74655151367188,151159300
2025-09-12,177.3451207317183,178.1731387966239,176.02826832324598,177.39500427246094,124911000
2025-09-15,175.2501343169162,178.4225418052247,174.0929031464731,177.32516479492188,147061600
2025-09-16,176.57696439453113,177.07576937869646,173.96323114864717,174.4620361328125,140737800
2025-09-17,172.22736966160153,172.78602876073558,168.00748411706098,169.8829803466797,211843800
2025-09-18,173.56416328312818,176.67671647107687,172.54661216194535,175.8187713623047,191763300
2025-09-19,175.34989886544702,177.65437533147113,174.76129744715922,176.24774169921875,237182100
2025-09-22,174.88100727738347,184.10889825944,174.29242112755998,183.171142578125,269637000
2025-09-23,181.53508786527138,181.98400930831284,175.78885990523673,178.0035400390625,192559600
2025-09-24,179.34033838980653,179.35030900890538,174.98077271717747,176.54702758789062,143564100
2025-09-25,174.06297010669513,179.82915407834395,172.7162058826927,177.2653045654297,191586700
2025-09-26,177.74414266212372,179.3403244887289,174.51188131329135,177.76409912109375,148573700
2025-09-29,179.99875523700084,183.56023005067578,179.88903275637574,181.41537475585938,193063500
2025-09-30,181.6448190078555,186.90222763381766,181.04624695721463,186.13406372070312,236981000
2025-10-01,184.79726069745416,187.6903232769056,183.46045188172369,186.79248046875,173844900
2025-10-02,189.14686265639136,190.59339411626704,187.6105347272827,188.4385528564453,136805800
2025-10-03,188.73782471792558,189.90502650703218,184.93693332773543,187.17156982421875,137596900
2025-10-06,185.05662940294908,186.78249020197808,182.89181782906448,185.09652709960938,157678100
2025-10-07,185.78489078203316,188.6081286768816,183.56022492696124,184.5977325439453,140088000
2025-10-08,186.12408236678675,189.14683908131633,186.09414006589398,188.6580047607422,130168900
2025-10-09,191.7705575158363,194.833227386451,190.60335569438294,192.10975646972656,182997200
2025-10-10,193.04749823427522,195.15245586263575,181.61489659616785,182.7222442626953,268774400
2025-10-13,187.52073401073042,189.65561858658472,185.51554359294212,187.86990356445312,153482800
2025-10-14,184.32839277968645,184.35831986008523,179.2705030798172,179.59971618652344,205641400
2025-10-15,184.35831474003746,184.42813951825556,176.86625456034105,179.4001922607422,214450500
2025-10-16,181.79445210488134,182.84194556906473,179.34034021746592,181.37545776367188,179723300
2025-10-17,179.74936158304564,183.66000615888444,179.32039659193174,182.7821044921875,173135200
2025-10-20,182.69231029505525,184.75735492260156,181.2956472677441,182.20347595214844,128544700
2025-10-21,182.35311411361405,182.35311411361405,179.37027013728058,180.72702026367188,124240200
2025-10-22,180.7070509305708,183.00155667206866,176.33751483638122,179.84910583496094,162249600
2025-10-23,179.988777912505,182.59254038327154,179.3602787988416,181.72462463378906,111363700
2025-10-24,183.40059008116805,187.0219186862977,183.06140638753934,185.81480407714844,131296700
2025-10-27,189.53590332097463,191.54109366524804,187.97961914819697,191.03231811523438,153452700
2025-10-28,192.58860677151606,202.6644582837766,191.45133202040452,200.54953002929688,297986200
2025-10-29,207.48290651547202,211.68285096872194,204.29055782184227,206.54515075683594,308829600
2025-10-30,204.65966800141675,205.66726375798942,200.9286166610889,202.4050750732422,178864400
2025-10-31,205.95655376605836,207.4729250244422,201.58703290468912,202.0060272216797,179802200
2025-11-03,207.58267267525224,210.83487551397138,205.06869143040765,206.3855438232422,180267300
2025-11-04,202.51481474882632,203.4824975937368,197.4569251230167,198.21511840820312,188919300
2025-11-05,198.29492759193732,202.43500266122365,194.18476438007542,194.74343872070312,171350300
2025-11-06,195.95054108781363,197.1476699621838,185.9345440647224,187.63047790527344,223029800
2025-11-07,184.45806985353664,187.86990920765928,178.4823961188316,187.70030212402344,264942300
2025-11-10,194.6436788693004,199.46213677715232,193.32682642239038,198.5742645263672,198897100
2025-11-11,194.69355355890158,194.9529266552934,190.84277869998112,192.69833374023438,176483300
2025-11-12,195.25221648764446,195.4218083488666,190.673190567689,193.33680725097656,154935300
2025-11-13,190.59337913278358,190.9824463944715,183.41059072037282,186.41339111328125,207423100
2025-11-14,182.42294356130517,190.55345800755302,180.14839424900484,189.71546936035156,186591900
2025-11-17,185.52550787171305,188.54826454585316,183.8794576828592,186.1540069580078,173628900
2025-11-18,182.94170515591497,184.35830936263392,179.22060933347112,180.92652893066406,213598900
2025-11-19,184.3483273978252,187.41099710874653,182.39302051116815,186.07420349121094,247246400
2025-11-20,195.48167365774535,195.5315572014955,179.4201620210147,180.20826721191406,343504800
2025-11-21,180.80682891210233,184.11888595894638,172.51667761994415,178.4524688720703,346926200
2025-11-24,179.0610093294625,183.06141961318156,176.0581937395723,182.1136932373047,256618300
2025-11-25,174.49195573568102,177.73418799379976,169.1447659257062,177.39500427246094,320600300
2025-11-26,181.19589856886267,182.47283807635972,177.81400147563977,179.82916259765625,183852000
2025-11-28,178.5821404669205,178.86147001761242,176.07814512953246,176.5769500732422,121332800
2025-12-01,174.3423041351479,179.8690716163194,173.2648835948944,179.48997497558594,188131000
2025-12-02,181.32557695606172,185.2162648499111,179.56978894419797,181.02630615234375,182632200
2025-12-03,180.64722628696225,182.01394715864362,178.68193330759738,179.16078186035156,165138000
2025-12-04,181.19598816136636,184.08922700452197,179.53987513877786,182.95188903808594,167364900
2025-12-05,183.4606866221248,184.22889322931675,180.4876480440623,181.98414611816406,143971100
2025-12-08,182.21361127014939,187.5610985176648,181.97416608957425,185.1168212890625,204378100
2025-12-09,185.12679644575,185.2864265695677,182.89203560496765,184.53817749023438,144719700
2025-12-10,184.53819180758595,185.0469957406681,181.61502392815055,183.35096740722656,162785400
2025-12-11,179.85913764092777,180.896718300432,176.20767820623186,180.5076141357422,182136600
2025-12-12,180.6871989054384,182.39321360477518,174.21234434473615,174.61141967773438,204274900
2025-12-15,177.52459033283526,178.0034654802094,174.6213802569945,175.87843322753906,164775600
2025-12-16,175.84850127733236,178.0733061224419,174.4916756985292,177.3050994873047,148588100
2025-12-17,175.68889685369163,175.71882560019336,169.91240520818417,170.5409393310547,222775500
2025-12-18,174.1225483861358,175.7387615308714,171.41888356310693,173.73345947265625,176096000
2025-12-19,176.2575523358494,181.0263919449467,175.92832091222974,180.56747436523438,324925900
2025-12-22,183.49062822521734,183.73007341419415,181.9243013805983,183.26116943359375,129064400
2025-12-23,182.5428423541149,188.88799500778453,182.47299846788633,188.76828002929688,174873600
2025-12-24,187.50124372172942,188.4689804086018,186.154389299292,188.169677734375,65528500
2025-12-26,189.47662851874142,192.240166195598,187.5611125998212,190.085205078125,139740300
2025-12-29,187.2717899684254,188.31932652162573,185.47598909796272,187.7805938720703,120006100
2025-12-30,187.8005508490403,188.5487999407664,186.49359631469858,187.1021728515625,97687300
2025-12-31,189.12744593978846,190.11512498868174,186.05463453876877,186.06460571289062,120100500
2026-01-02,189.39681300359115,192.47959571470966,187.8204997023152,188.4091339111328,148240500
2026-01-05,191.31231822272787,193.17796293683364,185.7154145267434,187.68081665039062,183529700
2026-01-06,190.07522846701318,191.72137039337454,186.3838692947835,186.80288696289062,176862600
2026-01-07,188.12978540958392,190.9232365533545,186.12446806753155,188.66851806640625,153543200
2026-01-08,188.66852284990722,189.10749810453436,183.28113525242415,184.60801696777344,172457000
2026-01-09,184.64792389684447,185.9049768874807,183.2412119543349,184.42843627929688,131327500
2026-01-12,182.79226917353867,186.6831584288149,182.59273912358015,184.5082550048828,137968500
2026-01-13,184.56809890645206,187.6708389078061,182.97182817799478,185.37620544433594,160128900
2026-01-14,183.88970125566945,184.02937380837906,180.37791464347094,182.7124481201172,159586100
2026-01-15,186.06460797964908,189.25713440169068,185.895006678512,186.6133270263672,206188600
2026-01-16,188.63859508159712,189.99542077422674,185.64559857342888,185.7952423095703,187967200
2026-01-20,181.4753422141945,181.95423259865512,177.1953640623503,177.654296875,223345300
2026-01-21,178.6320081827799,184.94723253133864,177.9835164834521,182.8920440673828,200381000
2026-01-22,184.31869154642928,185.7353746560278,183.5005985718231,184.40847778320312,139636600
2026-01-23,187.06227125943187,189.15737478680413,186.38386606278428,187.23187255859375,142748100
2026-01-26,186.7230748442759,188.6784906596197,185.55580805974404,186.03468322753906,124799600
2026-01-27,186.80288446054914,189.55643562401056,185.2664711415707,188.07989501953125,143711600
2026-01-28,190.82347487286611,191.9009553855833,189.3968053634026,191.07289123535156,148552700
2026-01-29,190.89331059974717,193.0283141326731,185.62563804704834,192.06057739257812,171764400
2026-01-30,190.76362243793778,194.0359639826301,189.0276790286862,190.68380737304688,179489500
2026-02-02,186.7629659025267,189.8557348322644,184.44839001538193,185.1766815185547,165794100
2026-02-03,185.8052266227915,185.83515536968403,175.8185853097543,179.9189910888672,204019600
2026-02-04,179.04105715530034,179.16077214377114,171.50867959294058,173.78335571289062,207014100
2026-02-05,174.52161198787914,176.40721432559468,170.63072277473634,171.47874450683594,206312900
2026-02-06,176.27751351666032,186.56344202919422,174.19239634754115,184.97715759277344,231346200
2026-02-09,183.8298238555102,193.20788788877485,183.5205500126207,189.59632873535156,196387400
2026-02-10,190.93321971968697,192.0306425866914,187.6808205923615,188.09983825683594,136764800
2026-02-11,192.00071425091673,192.80882083578368,188.329312674443,189.6063232421875,144192700
2026-02-12,192.5793648877844,193.1580126884611,186.07458174632154,186.5035858154297,189932500
2026-02-13,187.04230481693136,187.0622623874058,181.16605622339495,182.38320922851562,161888000
2026-02-17,181.3256935584433,186.71308084037668,178.76168607280786,184.53817749023438,162276900
2026-02-18,188.3093443160685,189.92555739322245,186.3239846890322,187.5411376953125,164749100
2026-02-19,186.62329889395997,187.9900957055448,185.22657333636724,187.46133422851562,126554500
2026-02-20,186.13444888465776,189.88566546751952,185.5059147845697,189.37686157226562,178422300
2026-02-23,190.9531547742145,193.49720463285962,189.13741163084848,191.10281372070312,171584800
2026-02-24,191.04296985904048,193.31764595479845,186.96250644177093,192.39979553222656,175123600
2026-02-25,193.9960453222018,197.16862939564908,193.33758246616242,195.10345458984375,250637100
2026-02-26,193.81648130196652,193.83642365132246,183.8897126034445,184.4583740234375,360807900
2026-02-27,180.82687141264745,182.16373952566906,175.96824531148394,176.77635192871094,311636500
2026-03-02,174.6014235260267,183.03170868955394,174.23229218389588,182.05398559570312,209095300
2026-03-03,178.07331350693755,180.4776756968921,176.50697142699124,179.62966918945312,178099400
2026-03-04,180.01874995283958,184.26879914121506,179.6396322236537,182.6126708984375,177731200
2026-03-05,180.74703993972415,183.63029235671348,177.46472744924466,182.91197204589844,198779700
2026-03-06,179.4201653790109,182.33334690173646,176.40722643712078,177.40489196777344,189021900
2026-03-09,176.4171968477281,182.4830050745951,175.1501573668019,182.22360229492188,177213600
2026-03-10,181.97417604353973,186.00475307627937,181.5850871183009,184.33865356445312,179118500
2026-03-11,185.4860219488843,187.1921136401388,184.02934488988058,185.60574340820312,145280400
2026-03-12,183.63026415055788,184.5182338343672,181.3355064165816,182.7223358154297,155762700
2026-03-13,184.49829181300376,185.66562182453413,179.52965286608148,179.8389434814453,160988400
2026-03-16,182.55272468439094,188.44925014875608,180.99628481489137,182.80215454101562,217307400
2026-03-17,184.63797319169822,184.9771941770484,181.2656763194747,181.51510620117188,182497800
2026-03-18,182.06384475172882,182.96180140975886,179.91875397930713,179.98858642578125,156683100
2026-03-19,177.6040222894031,179.56953069628346,175.3890840362079,178.15277099609375,170968500
2026-03-20,177.59406866914642,177.85347025510498,171.32839150930033,172.30615234375,241323500
2026-03-23,176.85574153065542,177.96321071223454,174.36144294367455,175.23944091796875,182836300
2026-03-24,174.4312942297872,175.81812366395545,173.58322660302642,174.80044555664062,147667800
2026-03-25,176.69612335614488,180.8067226806179,176.44669348987364,178.2725067138672,162602100
2026-03-26,175.66847416549638,176.10745794358192,170.74970926821888,170.8494873046875,186152200
2026-03-27,169.61230999497113,170.58009909933227,166.629123297364,167.13796997070312,196212700
2026-03-30,168.3950875250076,169.0635577295173,163.89537828689438,164.79331970214844,185627000
2026-03-31,166.58921042239905,174.22175778800025,166.57923870897636,174.00225830078125,226181300
2026-04-01,175.5986119754623,176.9654826629128,174.35146274268203,175.34918212890625,168132000
2026-04-02,171.78733317216196,177.0852364118599,170.97918282725632,176.98545837402344,143143200
2026-04-06,176.75597747742694,177.3845303646084,175.35916114415525,177.23487854003906,107564300
2026-04-07,175.32922705160684,177.8235255680002,173.26395579650787,177.69383239746094,132534900
2026-04-08,184.079243714486,184.83750503722598,179.8888249511496,181.66476440429688,147732700
2026-04-09,181.42531387192042,183.66021107746678,180.2080948395415,183.4906005859375,116428500
2026-04-10,183.88967366981893,189.56669990817062,183.87970195572368,188.1998291015625,160459500
2026-04-13,185.605746824658,189.2274732756209,185.3164148846483,188.87826538085938,133648200
2026-04-14,190.40477641072036,196.0618438720703,190.33494396561244,196.0618438720703,161307000
2026-04-15,196.09178511161633,199.94298301571828,195.2936216855987,198.41647338867188,185338400
2026-04-16,196.97974400923295,199.39423847906178,195.36344336942167,197.8976593017578,134012900
2026-04-17,199.44410763257105,201.2400056483541,198.8155547450397,201.2200469970703,160324400
2026-04-20,199.52392392325544,201.70893187328167,197.38880498867078,201.59918212890625,119381400
2026-04-21,201.66904795828867,202.28762917830338,198.54618104306965,199.42417907714844,107945300
2026-04-22,200.53164182940822,202.03819274902344,198.54617460274403,202.03819274902344,107501000
2026-04-23,201.99828375930824,203.3651545152774,196.77022843278436,199.18470764160156,113561800
2026-04-24,199.50398270942756,210.46890943516505,199.35431566144254,207.79502868652344,214134400
2026-04-27,209.17187844164343,216.33551207209098,206.90706623150768,216.1160125732422,187172400
2026-04-28,209.01225288404052,214.2402930542568,207.72518626919629,212.68385314941406,180275400
2026-04-29,212.2149257168926,212.23488436877426,207.10660696252424,208.77279663085938,123711800
2026-04-30,209.45122654333912,209.82039307402036,198.24684193288383,199.1148681640625,225239200
2026-05-01,200.82098460367052,202.5370634031337,196.6704677294345,197.9974365234375,128647000
2026-05-04,199.04502180842945,201.2699318245734,194.29588290907526,198.02734375,125368100
2026-05-05,198.84548202478717,199.7833407086998,195.58293528206713,196.05186462402344,113406600
2026-05-06,199.43413852494058,207.7950323152332,198.15705885791613,207.3560333251953,188362800
2026-05-07,207.86487247229027,213.7115092245668,206.02907228582575,211.01766967773438,168307900
2026-05-08,212.5441790763045,217.30330524675068,212.40449895841255,214.709228515625,136421400
2026-05-11,213.55186573785767,221.79303819063418,213.40221390900197,218.93955993652344,160685800
2026-05-12,218.05159434962442,223.23973257586303,214.42986778297353,220.27650451660156,159176600
2026-05-13,224.41703053540263,227.32039781394542,221.0647077692387,225.3149871826172,150405400
2026-05-14,229.32582552778115,236.00055597235212,228.77707677625682,235.202392578125,180782900
2026-05-15,229.23601388526635,230.97205119780003,223.72861351776262,224.80615234375,180977600
2026-05-18,229.34577348371204,229.4754818886306,217.8719993892805,221.81300354003906,146280900
2026-05-19,219.11914008419038,223.96805720569674,217.41304835521052,220.1068878173828,140948200
2026-05-20,222.6710257508039,225.61431038954527,219.9971448577806,222.9603729248047,184201600
2026-05-21,221.78305837384474,226.8814055684356,217.43300079554024,219.0093994140625,203381800
2026-05-22,220.39621757095847,220.50596731800164,214.3101381389001,214.83892822265625,169275700
2026-05-26,216.04617181279934,217.68243116855118,211.5165320236786,214.37001037597656,187202600
2026-05-27,213.63168066177133,213.66161102691768,208.30386252985457,212.1151580810547,167601200
2026-05-28,210.79817024571656,215.0285063161196,210.73830951283205,213.7613983154297,143996000
2026-05-29,214.09065053210412,217.36316924965476,210.64852132770383,210.6584930419922,289410600
2026-06-01,215.23801892090273,224.35717434911126,215.20808855445495,223.8483428955078,212850700
2026-06-02,226.66188583823322,231.75026086454594,220.84519513709748,222.3118438720703,193362900
2026-06-03,221.2143597561905,222.31185725112735,214.02079575535723,214.26025390625,160907000
2026-06-04,213.67091279390368,221.35231998810906,210.73419644348996,218.4156036376953,169022200
2026-06-05,214.2902104723603,214.62982678346356,204.10161444712602,204.87075805664062,219655500
2026-06-08,209.94507132882276,210.23475572682116,205.76975069388217,208.40679931640625,138372800
2026-06-09,210.3845825512031,211.16370951624515,199.11719156565087,207.95730590820312,180962500
2026-06-10,204.20149632565034,206.98838641050182,199.696542748819,200.19598388671875,161746600
2026-06-11,201.26479475008583,205.43013200106668,199.31696212361035,204.64100646972656,158643200
2026-06-12,204.6310298517525,206.83856645475237,203.21261880599855,204.96066284179688,112001800
2026-06-15,208.68648640498938,212.47225882321928,208.10713284720606,212.21253967285156,149936700
2026-06-16,210.94395209283806,211.25361840198772,207.05830064217733,207.1781768798828,125694100
2026-06-17,208.29691745433288,208.9761653200819,202.8530121596522,204.42124938964844,128363500
2026-06-18,207.09826842291386,211.1537281092123,206.26919428756833,210.4545135498047,241272000
2026-06-22,211.2036686200953,213.7508214450341,207.48782537372824,208.41677856445312,122041400
2026-06-23,201.94403040148535,203.54224815949766,199.77645766483005,199.81640625,153496200
2026-06-24,199.89631590195674,201.44458647582786,196.36027935647695,198.77757263183594,151810700
2026-06-25,199.85637045714446,200.5755669254449,191.9152592982058,195.52122497558594,149550000
2026-06-26,192.90414096411192,195.33143282930595,191.0062707295152,192.31480407714844,179304100
2026-06-29,193.63333194293918,195.96071419295149,189.58785574691487,194.7520751953125,148835700
2026-06-30,197.0195429632178,200.4057532237791,194.89191886651452,199.86634826660156,166476700
2026-07-01,195.98069896251877,199.62662840490702,193.23377271109229,197.35916137695312,146147600
2026-07-02,196.9196593659626,199.8363939026278,192.1350197738411,194.61224365234375,142068700
2026-07-06,194.20269428466304,197.32920075051607,193.77318221313826,195.33143615722656,108999000
2026-07-07,192.15498377986222,198.18824142626735,190.92636281467173,196.7098846435547,124154600
2026-07-08,194.9618356993413,204.93069180759116,194.84197470333905,203.891845703125,147419100
2026-07-09,204.23147485952867,204.36131918975943,198.73762239526957,202.5533447265625,132037400
2026-07-10,201.7742207048944,210.7641612313501,201.69430829342895,210.72421264648438,148421000
2026-07-13,208.3069001369788,210.33464515051216,202.77309911383117,203.30250549316406,121411000
2026-07-14,207.96729575339148,212.31243993744155,203.57221964678251,211.5632781982422,124379600
2026-07-15,211.7230919717581,213.57101502024952,205.80969553973085,212.26248168945312,124797200
2026-07-16,209.93509060438328,210.84407715298516,205.61992700554663,207.16818237304688,122986100
2026-07-17,202.41350482950477,206.41901728963356,197.74872640584337,202.58331298828125,144281900
2026-07-20,205.63989694335598,207.50781723343968,202.05391309694542,203.05279541015625,88701500
2026-07-21,207.30802440628602,208.4167843613107,203.78197113093626,207.0583038330078,108685600
2026-07-22,205.57996827489498,214.15038042761168,204.72092886821054,211.82298278808594,137645600
2026-07-23,209.22588688656515,210.63429930291466,205.72979894313582,208.5266571044922,110505300
2026-07-24,207.21812923496972,211.6731509810223,204.5810805834776,206.6088104248047,114836800
2026-07-27,207.96729627325774,208.51668459839084,195.22156333884286,196.2903594970703,154353700
2026-07-28,194.78204700134697,198.47790843456414,192.52457850774027,196.789794921875,134111500
2026-07-29,195.63110696844683,196.84974460884015,189.79762268066406,189.79762268066406,147680800
2026-07-30,193.23377181769484,197.02952748682713,191.3059363552755,194.82199096679688,129010200
2026-07-31,198.2182038580375,201.77422236802423,194.73209918257555,200.52561950683594,139961200
2026-08-03,197.46904862701152,208.50670133078404,196.62999113475112,206.40904235839844,128406900
2026-08-04,211.06382570110384,212.82185300096492,208.8163406042335,211.70310974121094,134922000
2026-08-05,216.6176127852948,221.9716224388697,216.15812022814887,218.9749755859375,158187400
2026-08-06,221.28239358061882,223.38005249670454,216.75745800384053,218.7452392578125,113940600
2026-08-07,221.29237770419127,224.50877992471257,220.41337164588714,223.70968627929688,105669400
2026-08-10,223.15029107269072,223.88946943306019,216.5277120448001,217.3068389892578,115846600
2026-08-11,221.92167541427946,221.9516406634887,215.95834695389817,217.25689697265625,101273100
2026-08-12,220.7929293559802,224.84840415873398,219.95387191061064,223.8395233154297,108783600
2026-08-13,224.80845001468583,226.97602279610956,223.45996804263754,225.04818725585938,98867200
2026-08-14,226.51654155338588,227.23573802273873,224.24907448357243,224.90834045410156,75680900
2026-08-17,225.72741618855906,227.66525027466162,224.60867289832842,224.7584991455078,93678700
2026-08-18,220.20359791537197,221.39227027986857,218.44557057093272,219.49440002441406,103128200
2026-08-19,221.4222404106533,222.62089613745684,216.51772459764655,217.31683349609375,96797300
2026-08-20,218.1159423024499,219.6142657707553,215.41896310784705,216.60763549804688,92457000
2026-08-21,218.17587248780362,218.49552214328025,214.26025565862156,214.48001098632812,98869300
2026-08-24,215.28910206110334,215.34903256074918,207.01835779182306,208.24697875976562,135187300
2026-08-25,210.79412790131315,214.48998931653267,209.87515802586688,212.81187438964844,122309000
2026-08-26,212.40232405945306,213.3612577394914,208.99613188036045,209.4256591796875,179900000
2026-08-27,222.61090164325523,230.21239627098788,220.6530857022795,227.7251739501953,298909800
2026-08-28,227.10587153371227,229.00374173344596,216.56766062888835,217.3068389892578,195116400
2026-08-31,218.62536478578363,221.05265670783686,215.96834944345454,220.53323364257812,124702700
