Date,Open,High,Low,Close,Volume
2020-01-02,294.18244866671154,295.40995713786896,293.26408574966416,295.3917541503906,59151200
2020-01-03,292.01845232203294,294.27343102956564,291.96389884711743,293.155029296875,77709700
2020-01-06,291.4092110411044,294.3552371881082,291.29100260562666,294.2734069824219,55653900
2020-01-07,293.70958866181826,294.1824223186019,293.0003659250968,293.4459228515625,40496400
2020-01-08,293.63695478138766,296.21925449633176,293.3914641292551,295.00994873046875,68296000
2020-01-09,296.56472466503584,297.08301036305517,295.98278400442655,297.01025390625,48473300
2020-01-10,297.59219676942917,297.74675568148257,295.69184361108466,296.1555480957031,53029300
2020-01-13,296.77384567647033,298.20136500493834,296.34649170275594,298.1922912597656,47086800
2020-01-14,297.7558156184295,298.8014606220253,297.1829765277459,297.7376403808594,62832800
2020-01-15,297.64680703898097,299.1652584571871,297.56497682019716,298.41058349609375,72056600
2020-01-16,299.78349174098173,300.8927917480469,299.5561763932098,300.8927917480469,54050300
2020-01-17,301.6019998488349,302.03842753631125,300.82912215432333,301.8293151855469,95846000
2020-01-21,300.8745212896598,302.038374499318,300.80179260400274,301.23822021484375,77742400
2020-01-22,302.09304908519476,302.7386447658529,301.1201603136158,301.27471923828125,48914900
2020-01-23,300.62911709140155,302.02938749135257,299.51981701453644,301.6202087402344,51963000
2020-01-24,302.27486782213623,302.3566980198879,297.6558042825811,298.9378662109375,87578400
2020-01-27,293.7187336425929,295.61908679865473,293.3823113360426,294.1460876464844,84062500
2020-01-28,295.5645211349526,298.1013683192747,294.23700720360983,297.2284851074219,63834000
2020-01-29,298.5833109094205,298.81062629591605,296.78296305892985,296.9830017089844,53888900
2020-01-30,294.92805295887075,298.155948000126,294.1824796021824,297.9468078613281,75491800
2020-01-31,297.3285417837924,297.4831284643793,291.6274815683934,292.5367431640625,113845600
2020-02-03,294.0097783777118,296.5648015533711,293.89156991609985,294.70989990234375,69083000
2020-02-04,298.3014390790439,300.06540868055777,297.9831919914277,299.20159912109375,62573200
2020-02-05,302.120399235468,302.86600054873855,300.66560259787417,302.6568603515625,65951100
2020-02-06,303.611485421549,303.866077510334,302.6021908116986,303.6751403808594,50359700
2020-02-07,302.6204088136821,303.6842291934215,301.5111087114118,302.0566711425781,64139400
2020-02-10,301.1748004532797,304.3753920471197,301.1384222111712,304.3117370605469,42070000
2020-02-11,305.65741077579145,306.43936250413543,304.31169349511373,304.8390808105469,54864500
2020-02-12,306.2665508261337,307.0121519449544,305.9028517615865,306.80303955078125,43992700
2020-02-13,305.3844917782627,307.439431228602,305.1117244832855,306.4756164550781,54501900
2020-02-14,306.88484460300674,307.084883234379,305.6937143088903,306.9666748046875,64582200
2020-02-18,305.9755900262363,307.030336674616,304.7935334511837,306.1756286621094,57226200
2020-02-19,307.1393827157299,308.3123098154446,306.8575139322214,307.63946533203125,48814700
2020-02-20,307.0939679878166,307.91232553087383,303.4023685434506,306.37567138671875,74163400
2020-02-21,305.0299414355744,305.3390870004765,302.40216251122024,303.22052001953125,113788200
2020-02-24,293.81879296639795,303.2932828550101,292.0911738086347,293.16412353515625,161088400
2020-02-25,294.5462110971591,295.15540084278814,283.40775626371243,284.2806396484375,218913200
2020-02-26,285.671768973568,289.2451599784566,282.5075567395727,283.2349548339844,194773800
2020-02-27,277.7429227487086,283.2894217055926,270.5143127441406,270.5143127441406,284353500
2020-02-28,262.5037634964114,270.8598775435434,259.63049429346006,269.3777770996094,384975800
2020-03-02,271.1508409072188,281.1072645783154,267.7411105744401,281.0436096191406,238703600
2020-03-03,281.4163813351624,285.36257217334344,270.5689003394488,272.9966125488281,300139100
2020-03-04,278.3431137377837,284.6897687189938,275.8062664944297,284.4715270996094,176613400
2020-03-05,277.3065542615763,280.47986769668034,272.7875239528955,275.01519775390625,186366800
2020-03-06,266.5499278155772,271.66907305303175,263.8949005253508,270.4688415527344,228667200
2020-03-09,250.31965987878343,258.40300728811127,248.6375484367583,249.34677124023438,309417300
2020-03-10,258.8121992811534,262.3401104916032,248.6830131414344,262.24920654296875,276444100
2020-03-11,255.22970801029587,256.35718336366966,246.30075363543554,249.4649658203125,255316300
2020-03-12,232.7709037137879,242.46363295605934,225.20584268346082,225.59683227539062,392220700
2020-03-13,239.21764465584525,246.8463632341434,225.96970960296665,244.88235473632812,329566100
2020-03-16,219.29568561096787,233.5892777421095,215.8223138369543,218.0863800048828,297240000
2020-03-17,222.80541986754847,232.92551813203102,215.55861886674538,229.86129760742188,262070500
2020-03-18,214.81303238868713,225.8332774835406,207.3298140234867,218.22276306152344,327597100
2020-03-19,217.54082834842114,224.93312927499895,211.14872068807995,218.68649291992188,289322000
2020-03-20,221.8199425120468,223.59428478802053,208.98798960588374,209.2623748779297,347158800
2020-03-23,208.70443213492814,210.0671893215918,199.6223661157914,203.91188049316406,326025200
2020-03-24,214.4024524745698,223.25586710368103,213.83539985668068,222.38697814941406,235494500
2020-03-25,223.96009476171582,234.45980644396235,219.27730546743715,225.7161407470703,299430300
2020-03-26,228.21302993098874,240.35901111388173,227.78316298320365,238.89566040039062,257632800
2020-03-27,231.64282838705617,238.53896824316124,229.6123970169316,231.78001403808594,224341200
2020-03-30,233.8653195877224,240.02062901450944,231.88062142056566,239.30723571777344,171369500
2020-03-31,238.31031171628476,240.8437663965274,234.34091545507368,235.74026489257812,194881100
2020-04-01,226.8045329870279,235.6579474427776,223.07292993104878,225.13079833984375,189554600
2020-04-02,224.25277750810542,231.1031837108158,223.70400702849605,230.32577514648438,177660400
2020-04-03,229.34716379458789,231.688572678805,224.28024014069945,226.9966278076172,135561200
2020-04-06,235.82256381439876,244.20037788059636,226.9783046122972,242.24310302734375,188061200
2020-04-07,250.79469636061012,251.5446817524612,242.27056950109602,242.4900665283203,201427200
2020-04-08,245.07840276494375,252.4318604274332,242.59982238542267,250.6300811767578,153774500
2020-04-09,253.8769501910394,257.1878555596742,251.9471401473928,254.44403076171875,189999200
2020-04-13,253.47449486500906,253.81289538631447,248.23378055613196,252.12086486816406,114839100
2020-04-14,256.9865638804305,260.5718115819123,251.98365704305175,259.5566101074219,134143400
2020-04-15,253.86781765923317,259.6938677231057,251.9379797452276,254.04159545898438,121775000
2020-04-16,255.3128853851821,256.1177451046748,252.21237795625973,255.2671661376953,131798300
2020-04-17,261.01085394981624,262.7668858033959,258.28531186903615,262.16326904296875,146684800
2020-04-20,258.477384853948,262.3004679707895,257.3249976139845,257.54449462890625,100109300
2020-04-21,253.09950011214448,254.29763444548425,248.7916760256004,249.72459411621094,126385700
2020-04-22,254.58120995562248,257.0049162166208,253.26417185311237,255.2671661376953,92951600
2020-04-23,256.5383645446038,259.6937730085963,254.94695570795633,255.24876403808594,104709700
2020-04-24,256.7580183558884,259.47440633757606,254.71843163785363,258.8067321777344,85063200
2020-04-27,260.77305162758813,263.6540615008413,260.3157475870202,262.5382385253906,77896600
2020-04-28,266.1692816947441,266.5168372940742,261.02918781823894,261.3310241699219,105270000
2020-04-29,266.63576694119143,269.69971044755005,265.61141007125656,268.17230224609375,118745600
2020-04-30,266.8003346785692,268.2728683089117,263.94676172651174,265.6753845214844,122901700
2020-05-01,260.9468311402784,265.839989989389,257.4804586743474,258.64202880859375,125180000
2020-05-04,256.7671117660128,259.6572771920801,255.2946058776954,259.35546875,80873200
2020-05-05,262.1633243825663,264.5504385375619,259.4835009746892,261.7517395019531,79569900
2020-05-06,263.4437285183799,263.827848295089,259.54748902772616,259.97735595703125,73632600
2020-05-07,263.178561756195,265.0352156540306,262.6115090255703,263.1145324707031,75250400
2020-05-08,266.2333820866521,267.9345683926265,265.10840359541686,267.4681091308594,76452400
2020-05-11,265.54745236725,268.8949231270032,265.12674023475915,267.52301025390625,79514200
2020-05-12,268.7028030813547,269.11436010431197,262.0535823124858,262.1907958984375,95870800
2020-05-13,261.6327942663051,262.66630589864803,255.1390710892638,257.55364990234375,144721100
2020-05-14,255.12999344010436,260.7639559394108,249.67890794003233,260.63592529296875,121977900
2020-05-15,258.2578937473351,261.8797341345246,257.3158484879118,261.8340148925781,111146300
2020-05-18,268.0259508942396,271.4100127656581,267.70586031884966,269.8094482421875,119703800
2020-05-19,269.2149188705736,270.9160766593907,267.0198648575471,267.03814697265625,95189300
2020-05-20,270.55947454613386,272.43441067742714,270.33082243687204,271.5746765136719,85861700
2020-05-21,271.4465508488892,272.25141045767714,268.6112601039771,269.69964599609375,78293900
2020-05-22,269.41608749145286,270.3855697465573,268.1813610988964,270.2117919921875,63958200
2020-05-26,276.14759303154426,276.38540004867997,270.230078020285,273.54095458984375,88951400
2020-05-27,276.3213916753903,277.647584570494,271.5196992030563,277.6109924316406,104817400
2020-05-28,278.63538150701766,280.63837569046694,276.4311724038547,277.0988464355469,90405200
2020-05-29,276.63240179778086,278.91892240887853,273.89773207862925,278.3335876464844,119090800
2020-06-01,277.69336979462093,280.06220196111565,277.18119137546694,279.45855712890625,55758300
2020-06-02,280.37311161244173,281.8182080910608,279.04694656843077,281.7724609375,74267200
2020-06-03,283.74802731711804,286.47356968873544,283.47365603310084,285.5223693847656,92567600
2020-06-04,284.5436868628639,286.2723094131286,282.6870337042213,284.7723388671875,75794400
2020-06-05,290.14111331971145,293.83610963798606,290.0770840592824,292.0709228515625,150524700
2020-06-08,292.87583692887944,295.7934392999696,292.3362214439441,295.60137939453125,73641200
2020-06-09,292.9489483181037,295.674490365222,292.08921451504034,293.3971252441406,77479200
2020-06-10,293.97334309587063,294.86051405519015,291.0465860578865,291.7599792480469,95000800
2020-06-11,284.86384198436707,285.4949238306077,274.39159558292613,274.9403381347656,209243600
2020-06-12,281.9188104439579,282.68707794933687,273.1020022913101,278.2329406738281,194678900
2020-06-15,272.57150356014085,281.9553918611026,271.4008062757648,280.8304138183594,135782700
2020-06-16,288.54054784445304,288.68688847686843,281.3974614499298,286.2357177734375,137627500
2020-06-17,287.2510539767532,287.5437353503911,284.3151410483271,285.0468444824219,83398900
2020-06-18,283.53770864356693,285.63214141110257,283.0804045248097,285.15655517578125,80828700
2020-06-19,288.606925057698,288.7998301267632,281.58855589183077,283.5268859863281,135549600
2020-06-22,282.9297852607961,285.74080016258773,281.79068924514235,285.3457946777344,74649400
2020-06-23,287.98222696658627,288.910055192761,286.2551925803986,286.6593933105469,68471200
2020-06-24,284.62921561406836,285.24471199491313,277.5190059080618,279.3470764160156,132813500
2020-06-25,278.77755738775835,282.60826932957065,276.7657488767601,282.34185791015625,89468000
2020-06-26,281.24866508004715,281.4599607492552,275.05708801773886,275.63580322265625,127961000
2020-06-29,276.88516190649545,279.82477053732015,274.6069420891826,279.6869812011719,79773300
2020-06-30,279.2552015830545,284.95993198050036,279.0990496919848,283.2696228027344,113394800
2020-07-01,284.3811913050776,286.5124263442875,283.921874858754,285.2538757324219,72396500
2020-07-02,288.6712933230541,290.0125180055409,286.1634425811006,286.8248596191406,69344200
2020-07-06,290.62799115972723,291.8313984510452,289.88390048446837,291.2526550292969,61713800
2020-07-07,289.71838359148364,291.6842429792225,287.8719229050608,288.2485656738281,82910000
2020-07-08,289.01107826646074,290.5635700836482,287.2565141278047,290.4533386230469,54638600
2020-07-09,291.05963368656217,291.29848720257166,285.4008518720043,288.7998046875,83354200
2020-07-10,288.7355420447275,292.01506865179886,287.31167207863734,291.7486572265625,57550400
2020-07-13,294.0819264978031,296.45198681685406,288.5701296275512,289.22235107421875,102997500
2020-07-14,287.80771779411623,293.742107367341,286.61350606595687,292.970458984375,93657000
2020-07-15,296.17641945606164,296.7551626349699,293.2918988610107,295.6619873046875,87196500
2020-07-16,293.769630017324,295.13838410027176,293.1265757580528,294.6882629394531,54622500
2020-07-17,295.6895871795454,296.32344617655446,293.7236991518469,295.5426025390625,62774900
2020-07-20,295.2761374776364,298.67509008942426,294.5320471440715,297.9309997558594,56308800
2020-07-21,299.8877446097255,300.3286704937744,297.5819668813905,298.5649108886719,57292200
2020-07-22,298.2066144886055,300.5767031253431,298.09638302353903,300.26434326171875,57792900
2020-07-23,299.9060815666081,300.604251536004,295.32211240358737,296.6816711425781,75738000
2020-07-24,294.8352766153247,295.7906347636458,293.27358928008266,294.7709655761719,73766600
2020-07-27,295.4598485193683,297.0950136523208,294.66980979610577,296.92047119140625,48293000
2020-07-28,296.19484259327356,297.3064087498554,294.7434147338862,295.0373840332031,57495000
2020-07-29,295.9100858432154,299.2263658690615,295.8733326700447,298.6659851074219,48454200
2020-07-30,295.70792971724495,298.0137073048075,293.63183839287296,297.6003112792969,61861700
2020-07-31,299.38250887264957,300.053121099359,295.18434905701736,299.9520568847656,84986800
2020-08-03,301.6055948819654,302.7998065744939,301.063604773236,302.037353515625,53077900
2020-08-04,301.18303648166886,303.20404052734375,301.18303648166886,303.20404052734375,41917900
2020-08-05,304.49927818527294,305.344432870868,304.2328667686408,305.0871887207031,42697700
2020-08-06,304.50847479244663,307.2459831711578,304.1869476378153,307.1265563964844,43679400
2020-08-07,306.16197109291363,307.6317893364543,305.26170076056275,307.3470153808594,57308300
2020-08-10,307.79720470001274,308.4494263523326,305.8680695802584,308.2657165527344,44282100
2020-08-11,309.44158091644624,310.07544003010565,304.99539985279966,305.7210998535156,69601100
2020-08-12,308.14622417854946,310.75513826700785,308.1186663127522,309.9834899902344,53774400
2020-08-13,309.22111734195045,310.72768929202897,308.504584545671,309.4232177734375,41816100
2020-08-14,309.03739801692717,309.9652265194765,308.3116699396521,309.4324035644531,47260400
2020-08-17,310.4428410719962,310.8102886684304,309.4415344570698,310.415283203125,35481000
2020-08-18,310.81023926790425,311.5084092142796,309.2209943237158,311.0858459472656,38733900
2020-08-19,311.4624789799715,311.9769111702149,309.23020772218825,309.79058837890625,68054200
2020-08-20,308.07282764717576,311.2329282123229,307.94423357244034,310.7552490234375,42207800
2020-08-21,310.4245090715658,312.0780374355691,310.0845912760767,311.8575744628906,55106600
2020-08-24,314.28268549668286,315.0910869399419,311.8299513355394,315.0176086425781,48588700
2020-08-25,315.578035456616,316.2026992516571,314.42054875121903,316.1200256347656,38463400
2020-08-26,316.7079196553296,319.55565950622474,316.1659295535639,319.2892761230469,50790200
2020-08-27,320.1527714738535,321.4296566689116,318.3338681796613,319.9873962402344,58034100
2020-08-28,321.0070943234452,322.18294335620885,319.8220499903276,322.0543212890625,48588900
2020-08-31,321.8430814950249,322.7157660361152,320.6580370594044,320.8876953125,66099200
2020-09-01,321.7144876310069,324.01107036337214,320.82341240947085,323.9100341796875,54908700
2020-09-02,325.8115748999467,329.55958516400403,324.6724509289128,328.59503173828125,69540000
2020-09-03,326.9139385366805,327.38245036251664,314.7144927720197,317.28668212890625,148011100
2020-09-04,317.9664062807728,319.52806537103726,307.6225909820258,314.6960754394531,139156300
2020-09-08,309.31287135263426,314.76038567556583,305.7945197326243,306.09765625,114465300
2020-09-09,310.0845465588693,314.5950377875089,309.2210293277964,312.1423034667969,91462300
2020-09-10,314.0071656953316,314.6593873315728,305.76702585786137,306.722412109375,90569500
2020-09-11,308.49540445893774,309.551827020083,304.06758575680686,306.87860107421875,84680200
2020-09-14,310.0294570524929,312.6843200062255,307.02553709097856,310.9205322265625,65605700
2020-09-15,313.3640785558133,314.1908426333069,310.92970675868344,312.49139404296875,52920900
2020-09-16,313.722314804491,315.1461845137935,310.9755835087965,311.2511901855469,82096000
2020-09-17,306.419220280496,310.2223743451593,305.89559274386187,308.5137023925781,91523300
2020-09-18,309.3152200755453,309.4258928149711,302.49012905972876,304.9619140625,105877900
2020-09-21,300.39645567196135,301.7153525566458,296.7348829024936,301.5677795410156,99450800
2020-09-22,303.04342914695485,305.19239924460896,300.5439485694505,304.6390075683594,63612100
2020-09-23,305.19242034775965,305.4691302783531,297.07610235711314,297.57415771484375,93112200
2020-09-24,296.26441342051686,301.4108907334,294.9547208620889,298.3672790527344,76681300
2020-09-25,297.51889967168074,303.9750729756473,296.65195372295256,303.1911315917969,71069400
2020-09-28,307.3322255987747,308.9370364423363,306.3453468665424,308.22686767578125,64584600
2020-09-29,308.02388896731526,308.7617257497087,305.8564547173646,306.5481872558594,51304000
2020-09-30,307.2122614897057,312.008285169371,307.0185842537715,308.8724365234375,104081100
2020-10-01,311.4549648105674,312.4233793586627,308.9831799827863,310.85546875,88698700
2020-10-02,305.93029309925635,310.82775782543484,305.4599059080019,307.9040222167969,89431100
2020-10-05,309.95160678519085,313.54861143748366,309.9055025274307,313.3641662597656,45713100
2020-10-06,313.5024779338328,315.58690808900525,308.4021034182183,308.90936279296875,90128900
2020-10-07,311.8515557905092,315.08887396765715,311.8238876072292,314.2864685058594,56999600
2020-10-08,316.2140052376776,317.1363152846613,315.30089915142895,317.0717468261719,45242500
2020-10-09,318.7135625963804,320.36450600551524,318.09563042343444,319.9033508300781,59528600
2020-10-12,322.43047714589153,326.51630530793193,321.9416537782736,325.0498352050781,80388500
2020-10-13,324.9113973432425,325.0866385120567,321.96922590473577,322.9284362792969,73255500
2020-10-14,323.50033584861643,324.5886552411015,320.1708091953333,320.8994140625,57727900
2020-10-15,317.0073043045326,320.9824599345007,316.4723766493068,320.50286865234375,60357700
2020-10-16,321.8493854624627,323.500328734651,320.1339018625422,320.30914306640625,89501900
2020-10-19,321.5634252410943,322.19058938218416,314.54465857388607,315.4393005371094,68425600
2020-10-20,316.77671434018436,319.93102821542567,316.0204412221937,316.70294189453125,60051900
2020-10-21,316.65678774336294,318.8150186473506,315.79904590648505,316.1034240722656,63575000
2020-10-22,316.31556530320415,318.418431878702,314.18503054171345,317.8373718261719,55399300
2020-10-23,319.0547227201215,319.1100590737951,316.4722657264527,318.9163818359375,49143900
2020-10-26,315.5501015448496,316.33407111328887,309.54585107490163,313.0229797363281,91473000
2020-10-27,313.36415234517256,313.69617053832854,311.73164512212657,311.94378662109375,65994100
2020-10-28,306.2992612343689,311.9714640421637,300.79306752806804,301.2818908691406,127094300
2020-10-29,301.5124340067126,307.49821826025516,299.83382266999,304.34393310546875,90597700
2020-10-30,302.77601447703177,304.07647533605143,297.5372988957393,301.17120361328125,120287300
2020-11-02,304.546875,306.5390404964642,301.8168162223565,304.546875,86068300
2020-11-03,307.76571701813515,311.9714496081248,304.62986772162367,309.9239196777344,93294200
2020-11-04,314.3787116216634,320.9086850612525,313.2073875383157,316.85052490234375,126959700
2020-11-05,322.10750575868207,324.82833126702894,321.7570234874602,323.0298156738281,82039700
2020-11-06,322.7440352568417,324.20130128726,320.64116890696374,322.9561767578125,74973000
2020-11-09,335.6932553819829,336.071405953707,326.5531576293563,327.0143127441406,172304200
2020-11-10,326.0274414780705,327.5861480533205,323.2789749451511,326.53472900390625,85552000
2020-11-11,328.71134641817173,329.7812296172515,327.4754541399261,328.96038818359375,58649000
2020-11-12,327.9550049012143,329.00645189973596,323.97064675875447,325.7691345214844,67546200
2020-11-13,327.6691129022936,331.01710320984637,327.1526214762621,330.2792663574219,62892200
2020-11-16,332.9355382509408,334.5956853129893,331.6535135928725,334.4020080566406,74541100
2020-11-17,332.0040195958482,333.8025358299785,330.5006493949441,332.603515625,66111000
2020-11-18,332.8709473128143,333.41510690360417,328.56374668695173,328.60064697265625,70591300
2020-11-19,327.9735317794911,330.3530798490243,326.63617065322336,329.9841613769531,59940900
2020-11-20,329.72600503476076,329.9289144714187,327.65080640167486,327.7245788574219,70417300
2020-11-23,329.5229862809576,330.94335186636596,327.3002153270848,329.6889953613281,63230600
2020-11-24,332.22539331938475,335.54571610904793,331.3768835849959,335.0015563964844,62415900
2020-11-25,334.918533340122,334.9462015223956,333.3967270217236,334.48504638671875,45330900
2020-11-27,335.573402977946,335.8869851273918,334.41128290018645,335.4166259765625,28514100
2020-11-30,334.6417787889506,334.90925661307836,331.26614841458024,333.9316101074219,83872700
2020-12-01,337.1688702142554,339.114930785149,336.578578309529,337.5838928222656,74231400
2020-12-02,336.4772371080401,338.45096643579234,335.90540924809943,338.294189453125,45927000
2020-12-03,338.1927332221173,339.5854307786495,337.10441382598,338.20196533203125,62882000
2020-12-04,338.7831021741017,341.1165466308594,338.6908654940685,341.1165466308594,50749900
2020-12-07,340.3508978397775,340.90428958580924,339.1519058456032,340.41546630859375,48944300
2020-12-08,339.1519192516688,341.9741863066491,339.105814998791,341.4115905761719,42458900
2020-12-09,342.06648867638006,342.223265683624,337.51950511942715,338.3495788574219,74098300
2020-12-10,336.984534864023,339.28107867484596,336.11756086582494,338.2388916015625,57735400
2020-12-11,336.55096503463255,338.2480123175463,335.0383910387043,337.8421936035156,57698600
2020-12-14,340.00048656717314,341.070341758888,336.15444018565523,336.3296813964844,69216200
2020-12-15,338.85669520401865,340.8765563964844,337.4916943903593,340.8765563964844,63865300
2020-12-16,341.08877636600363,342.32466869787885,340.2125703879291,341.4115905761719,58420500
2020-12-17,343.04411893080777,343.52371018713376,342.2232491966983,343.32080078125,64119500
2020-12-18,343.6078706270574,343.7745873422909,339.94920475396054,341.94989013671875,136542300
2020-12-21,338.05047081899306,350.54546365353127,335.3273176661251,340.727294921875,96386700
2020-12-22,341.0515319715881,341.1626764801447,339.0323313550487,340.153076171875,47949000
2020-12-23,341.11636406536365,342.3575248130481,340.13454991769294,340.458740234375,46201400
2020-12-24,340.93107872570647,341.8110197666795,340.3475701195771,341.7832336425781,26457900
2020-12-28,344.3210549674562,345.1083660073762,343.70048890382196,344.7193603515625,39000400
2020-12-29,346.2383800178018,346.41436818810644,343.47816979581654,344.06170654296875,53680500
2020-12-30,344.87689416495385,345.5808470308338,344.16369810171034,344.5527038574219,49455300
2020-12-31,344.35820063241187,347.0257817355218,343.84877891155986,346.3033142089844,78520700
2021-01-04,347.6277697833951,347.7574571892461,337.91150340640877,341.58868408203125,110210800
2021-01-05,340.94957212585825,345.02502991311206,340.90324308131426,343.9413146972656,66426200
2021-01-06,342.44076383002215,349.1745581522752,341.89428469428384,345.9975280761719,107997700
2021-01-07,348.35951944577056,351.879226704414,348.18353125617296,351.13824462890625,68766800
2021-01-08,352.51835210952186,353.351964049799,349.28577737519294,353.1389465332031,71677200
2021-01-11,349.9804442235394,352.5090660622088,349.8600282756686,350.75848388671875,51034700
2021-01-12,350.94378384862574,351.8422112962133,348.60036486061927,350.8326110839844,52547700
2021-01-13,350.75850265414215,352.768431491567,349.98046294933357,351.7773742675781,45303600
2021-01-14,352.51837079015854,353.0185492874925,350.2120377042884,350.54547119140625,49989100
2021-01-15,348.9338618194296,349.7304163131025,346.13662136026045,347.9891052246094,107160000
2021-01-19,350.43430286360933,351.25867159512734,348.9615818623468,350.721435546875,51233300
2021-01-20,353.0000326205539,356.40862425349655,352.61102685664434,355.57501220703125,61836100
2021-01-21,356.13066931635393,356.5567608588735,354.9821386306928,355.89910888671875,47840100
2021-01-22,354.0558980073029,355.79723696621016,353.67613550952814,354.6394348144531,52860500
2021-01-25,355.3711602750166,356.39000351678175,350.545420736657,356.0380554199219,70402000
2021-01-26,356.98283743956097,357.3903860722406,355.25076988400014,355.4823303222656,42665300
2021-01-27,352.1756209612476,352.268250784751,344.57118450473314,346.7941589355469,123351100
2021-01-28,348.6004185091177,353.75959312888426,348.1651119139084,349.7767639160156,94198100
2021-01-29,347.9242248487391,348.8875242713741,341.1070702475137,342.7743225097656,126765100
2021-02-01,346.1550134441998,349.5080035286614,343.0613698782422,348.4798889160156,75817600
2021-02-02,351.64767805001776,354.95436791269526,348.563305430762,353.40753173828125,64450700
2021-02-03,354.23181236167903,355.39888573272145,352.4163868807839,353.6853332519531,52427100
2021-02-04,354.7134602947919,357.7515314842821,353.7964901947067,357.7052307128906,47142600
2021-02-05,359.56703683096254,359.8171119122872,357.6589812031138,359.1131591796875,48669800
2021-02-08,360.55807565817906,361.7529352971616,359.7059491724851,361.7066345214844,38365200
2021-02-09,360.8729815940819,362.0585979957618,360.465461289318,361.4657897949219,35551100
2021-02-10,363.197890590525,363.34609265440474,358.9186584626159,361.308349609375,59154400
2021-02-11,362.3828137358075,362.79963383055735,359.4744293353658,361.89190673828125,42913300
2021-02-12,361.0954036969238,363.9204301330663,361.0212885169638,363.67962646484375,50593300
2021-02-16,364.90221935362916,365.09675048774824,362.6514585158837,363.3646545410156,50972400
2021-02-17,361.6232703836871,363.6980425939292,360.61364213020715,363.4479675292969,52290600
2021-02-18,360.854465504746,362.64210502833146,359.1409128726459,361.901123046875,59712800
2021-02-19,363.1515954538638,363.4387281237623,360.8174482448131,361.2620544433594,83241000
2021-02-22,358.5111540436584,360.88233082469856,358.21474987936415,358.4833679199219,67414200
2021-02-23,356.2881475310484,360.2617324705037,352.157117326697,358.9186706542969,107284100
2021-02-24,357.8349308137793,363.2997792629968,356.8531169079845,362.8736877441406,72433900
2021-02-25,361.6140854057681,362.9756620610373,352.6943718341732,354.1300354003906,146670500
2021-02-26,356.0010524866953,357.14031184524765,350.3324570181541,352.3053283691406,152701600
2021-03-01,357.1495498565867,362.0864341700933,352.49982648838284,360.8452453613281,105348800
2021-03-02,361.0676132242538,361.2991736921879,357.5293624902229,358.029541015625,79595300
2021-03-03,357.3348735423533,358.29814477451754,353.18529961920825,353.2872009277344,119940200
2021-03-04,353.1018549094259,355.6768056530186,344.4507609972597,348.9152526855469,183433000
2021-03-05,352.3979683617633,356.38082529964976,345.15477853579273,355.33416748046875,152039600
2021-03-08,356.2881862042194,359.08542635862597,353.28717171626954,353.5650329589844,123149200
2021-03-09,357.39039119381505,361.15093050380403,356.89021272533046,358.613037109375,113633600
2021-03-10,360.94714665159455,362.53101211553303,359.53926937994413,360.8452453613281,109899400
2021-03-11,363.29980330973046,366.4675341915617,362.8459256414853,364.50390625,86245000
2021-03-12,363.15163038715974,365.1337731463777,362.3458045414346,364.9948425292969,64653600
2021-03-15,365.24497076495254,367.43091643604373,363.1146256154373,367.17156982421875,73427200
2021-03-16,367.7828178436457,368.48674235114737,365.9395775428918,366.7083740234375,73722500
2021-03-17,365.4301208451546,368.7553250112462,364.2908334278087,367.9587707519531,97959300
2021-03-18,365.3838583264933,367.458630815987,361.92896639831395,362.6051330566406,115349100
2021-03-19,362.3058475032764,363.8763249813413,359.76891580196445,361.93414306640625,113624500
2021-03-22,362.4452457226715,366.1995258918092,362.3894914731642,364.8241882324219,73778600
2021-03-23,364.1923772601294,365.6327429914725,361.1722317802097,361.95281982421875,90686600
2021-03-24,363.3466815716018,364.9729135223698,360.0663405424219,360.11279296875,97588600
2021-03-25,358.6817658979914,362.9285333586431,356.74885698652554,362.138671875,116128600
2021-03-26,363.28156920877854,368.3740078236016,362.6868477914323,367.97442626953125,114409100
2021-03-29,366.5061393661485,368.6899417946862,365.02859517643043,367.7885437011719,108107600
2021-03-30,366.52473213623387,367.4818844455236,365.2237241856257,366.81280517578125,76262200
2021-03-31,367.379739547907,369.85161555750506,367.35186241979716,368.2997131347656,112734200
2021-04-01,370.22334769217844,372.3328211938381,370.0189059510316,372.27703857421875,99682900
2021-04-05,374.92543787321307,378.1593264135541,374.85110832067795,377.6203308105469,91684800
2021-04-06,377.0628438102306,378.43815342897005,376.7282898764573,377.3973693847656,62021000
2021-04-07,377.2301440048359,378.17799491924865,376.77480803015345,377.83416748046875,55836300
2021-04-08,379.0793553590518,379.6833787740755,378.15007984078824,379.62762451171875,57863100
2021-04-09,379.5068721158555,382.55489491912203,379.3860617515805,382.3876037597656,61104600
2021-04-12,381.7928419590288,382.79644701337315,381.1888185604451,382.5269775390625,56704900
2021-04-13,382.42465983562346,384.2832104198822,382.0436535627427,383.66058349609375,56551000
2021-04-14,383.63265667698755,384.6827421585456,381.81128528093416,382.35028076171875,61659900
2021-04-15,384.47840249341357,386.7272614837685,384.43195006619254,386.457763671875,60229800
2021-04-16,387.7402404054597,388.3535656987246,386.32775171624513,387.7495422363281,82037300
2021-04-19,386.82023873772533,387.26627283938177,384.52492705882344,385.844482421875,78498500
2021-04-20,384.636461696753,385.73300008341903,381.55125994106584,383.01953125,81851800
2021-04-21,382.40621279084456,386.84814904259423,382.2667987628833,386.6437072753906,66793000
2021-04-22,386.47636655189376,387.303406925715,382.05300649472724,383.11236572265625,97582800
2021-04-23,383.6698834905282,388.66938907577,383.59555394557486,387.26617431640625,73209200
2021-04-26,387.9167460859348,388.6415798025078,387.3312980150035,388.07470703125,52182400
2021-04-27,388.3720952177508,388.567263487537,386.85737164526927,387.9910888671875,51303100
2021-04-28,388.2604617944002,389.3756033572718,387.41481797508106,387.87945556640625,51238900
2021-04-29,390.59306111989224,390.96476562535156,386.9874678625414,390.3514404296875,78544300
2021-04-30,388.09326732154926,388.93891128959154,386.89449418451875,387.7865905761719,85527000
2021-05-03,389.7659458311173,390.1469521204787,388.13044053050237,388.6229553222656,68128300
2021-05-04,386.64367972036484,387.13619462090406,382.5548730269321,386.2254943847656,101591200
2021-05-05,387.8609759000612,388.0932947530025,385.7886815225001,386.34625244140625,60162200
2021-05-06,386.42058587094186,389.56154133168053,384.4226493874601,389.43145751953125,74321400
2021-05-07,390.1934506174759,392.9162206585883,389.51506938475586,392.2657165527344,67733800
2021-05-10,392.61884104470386,392.8418580569698,388.2605373215281,388.38134765625,81852400
2021-05-11,383.8835877287383,385.90009901548007,381.05858320269573,384.9150695800781,116888000
2021-05-12,382.1460004528248,383.40980160762746,375.4273279147275,376.73760986328125,134811000
2021-05-13,378.28009580912413,383.1866681631853,378.2336150294906,381.2630615234375,106394000
2021-05-14,383.9858394467586,387.96313660337415,383.9579623220789,387.11749267578125,82201600
2021-05-17,386.0117863590001,386.94106191389204,384.1253297576997,386.132568359375,65129200
2021-05-18,386.39271466558824,386.6343353537289,382.6477357955868,382.80572509765625,59810200
2021-05-19,378.1407743642917,381.9786581081242,376.66320145918377,381.8020935058594,106467100
2021-05-20,382.67553575598805,387.1639510846834,382.55475379550967,385.909423828125,78022200
2021-05-21,387.3870617505494,388.62301401036063,385.13823098788333,385.59356689453125,76578700
2021-05-24,387.82373290586355,390.59298338499224,387.5821122637456,389.5243225097656,51376700
2021-05-25,390.6023692130514,390.9554984502717,388.08404047916116,388.6601867675781,57451400
2021-05-26,389.2455910916205,389.93324582826676,388.2141089866511,389.43145751953125,43088600
2021-05-27,390.453631092409,390.9647211844155,389.3570646409822,389.6358642578125,56707700
2021-05-28,391.19707455869894,391.457270541841,390.10053636968837,390.3328552246094,58520200
2021-06-01,392.68393734755085,392.8233229944938,389.5522835895408,389.9890441894531,54216600
2021-06-02,390.6395043968989,391.43869600618797,389.6358994197464,390.6023254394531,49097100
2021-06-03,388.2977618897576,390.2863966542775,386.83879259158886,389.1526794433594,58138800
2021-06-04,390.99265720434005,393.00919746881766,389.2177376389968,392.7118225097656,55938800
2021-06-07,392.70245396777017,392.8790185472602,391.4014741919741,392.33074951171875,51555000
2021-06-08,393.1857454198201,393.27867864219405,390.59308717878474,392.4144592285156,47134300
2021-06-09,393.25073913778317,393.32509704758354,391.6059319636749,391.8289489746094,48436300
2021-06-10,393.0463976777421,394.5983003992887,391.7361156858262,393.6504211425781,51020100
2021-06-11,394.19863560369777,394.4123507955599,392.91623101558656,394.30084228515625,45570800
2021-06-14,394.41240125927584,395.285922514848,393.17647729852365,395.1837158203125,42358500
2021-06-15,395.33238351653245,395.36953411673755,393.58534109284255,394.4588623046875,51508500
2021-06-16,394.59823144884797,394.82124847769757,390.22135210226025,392.2564392089844,80386100
2021-06-17,391.84751050458357,393.10200941545344,389.6637079765174,392.12628173828125,90949700
2021-06-18,388.85950415112694,389.5494085797688,386.6312846967765,386.8363952636719,118676300
2021-06-21,388.58919001085104,392.5608641777054,387.7780798673709,392.3743896484375,72822000
2021-06-22,392.36506231212155,395.30185103388027,391.64716102430225,394.4720764160156,57700300
2021-06-23,394.54664482628675,395.34842259301394,393.91267704068656,393.99658203125,49445400
2021-06-24,396.1316447586806,396.74694810360864,395.8799013019191,396.3274230957031,45110300
2021-06-25,397.0731409072897,398.18259855901107,396.7468248123112,397.7350769042969,58129500
2021-06-28,398.2573344759455,398.70482783005764,397.0639714449484,398.5370178222656,53159600
2021-06-29,398.91924432286936,399.5532121672935,398.2200075512794,398.7514343261719,35970500
2021-06-30,398.2945621373876,399.75830454102925,398.2665938058792,399.0870361328125,64827900
2021-07-01,399.8421598624358,401.45507598441856,399.7768909463528,401.29656982421875,53441000
2021-07-02,402.4526865249136,404.7182065985421,401.3805008260889,404.3639221191406,57697700
2021-07-06,404.4198543106815,404.63429713848,400.9050347893744,403.62738037109375,68710400
2021-07-07,404.3079918986779,405.33354476274883,402.303519022366,405.0538330078125,63549500
2021-07-08,399.75830982322657,402.50865241662655,398.5835829803211,401.75347900390625,97595200
2021-07-09,403.25446917430344,406.34043156356205,401.5576479376436,406.0420837402344,76238600
2021-07-12,405.95817542684443,407.7482339001441,405.52931821683023,407.4964904785156,52889600
2021-07-13,406.71342143365604,408.2051323525151,405.84637459810114,406.107421875,52911300
2021-07-14,407.7948684980379,408.2796908558834,405.47341158364054,406.71337890625,64130400
2021-07-15,405.3800638460775,406.051332083829,403.4315280404398,405.3241271972656,55126400
2021-07-16,406.4989460325066,406.54555043309637,401.7534629006535,402.14501953125,75874700
2021-07-19,397.34357236601903,402.21026074657135,393.4091995491586,396.2061462402344,147987000
2021-07-20,396.86807940233047,403.15190560272424,396.0756054886236,401.8839416503906,99608200
2021-07-21,403.0773163550678,405.2775959293525,401.83734914667167,405.1377258300781,64724400
2021-07-22,405.3148461793383,406.22852564545667,404.33592624936387,405.9861145019531,47878500
2021-07-23,407.9067170456665,410.49855331355985,407.2261448569842,410.1629333496094,63766600
2021-07-26,409.57560895526535,411.1791931015135,409.5290045509511,411.16986083984375,43719200
2021-07-27,410.1350074036814,410.162975736901,406.48031730156396,409.2959289550781,67397100
2021-07-28,409.9205257266722,410.4985568598125,407.71094225553276,409.1280517578125,52472400
2021-07-29,410.05111111743514,411.897078053185,410.04177885549115,410.8249206542969,47435300
2021-07-30,408.2703168786377,410.27478967456426,408.1397790411661,408.8297119140625,68951200
2021-08-02,410.53579137518165,411.085854089218,407.61763939657374,407.971923828125,58783300
2021-08-03,408.7644786802241,411.4122517302362,406.5828634584257,411.2910461425781,58053900
2021-08-04,410.0137549202648,411.2630544145641,409.03483491751217,409.2679138183594,46732200
2021-08-05,410.4239368348036,411.94361567540324,410.1069529741895,411.8597106933594,38969700
2021-08-06,412.17675592861804,412.9598976629853,411.89704416147674,412.54034423828125,46930000
2021-08-09,412.5123940918411,412.82937801362914,411.44023673390757,412.2047424316406,41222600
2021-08-10,412.6521993404,413.42603723143196,411.9716271529787,412.71746826171875,43339300
2021-08-11,413.78028154445127,413.83621819957546,412.66149153794436,413.74298095703125,44034300
2021-08-12,413.5938605071988,415.1228718168817,412.6988454575395,414.9830017089844,38909400
2021-08-13,415.43054010755844,415.756856285703,414.9457461970688,415.73822021484375,39470300
2021-08-16,414.44224972601063,416.8476114388509,412.89460242623954,416.71710205078125,73740000
2021-08-17,414.17182810864335,414.84309640590254,411.0112933625558,413.9853820800781,92673900
2021-08-18,412.9785897646633,414.53556963548243,409.21205450053696,409.4544372558594,89351900
2021-08-19,406.7413688859858,411.2817703416824,406.60152721840166,410.08837890625,92812200
2021-08-20,410.4332861309736,413.67772604605483,409.948463834136,413.3514099121094,72008700
2021-08-23,415.02971044931985,417.8919268217838,413.4261261139609,416.9875793457031,54973000
2021-08-24,417.6494445800781,418.18087133123964,417.1366823512831,417.6494445800781,38744700
2021-08-25,417.83588293403466,419.03854953793854,417.4629339431671,418.5257873535156,40529700
2021-08-26,418.2460333600454,418.4791122297858,415.9618775077955,416.05511474609375,57829600
2021-08-27,416.85696346783124,420.1480365315559,416.80102680571815,419.7751159667969,77235100
2021-08-30,420.4463669901376,422.40423543923686,420.2039558296545,421.62109375,48357400
2021-08-31,421.5278561630646,421.8634761216063,420.39976225528045,420.9964294433594,59300200
2021-09-01,421.92875329964636,422.44151550812524,420.9871054219515,421.2201843261719,48721400
2021-09-02,422.6373493891215,423.31792162382027,421.3227808707356,422.5161437988281,42501000
2021-09-03,421.3880192926544,422.92633435744506,420.98710195716393,422.4135437011719,47170500
2021-09-07,422.0686539613797,422.1618912265063,420.2319908012583,420.90325927734375,51671500
2021-09-08,420.37183634098136,421.09904144321104,418.47920817085276,420.3904724121094,56181900
2021-09-09,420.19461777386266,421.938043250285,418.34862279482104,418.5910339355469,57970400
2021-09-10,420.5116222919028,420.9311472268283,415.16944383774626,415.2906494140625,89948200
2021-09-13,418.27405074698356,418.5350979558744,414.05063410526645,416.35345458984375,83738600
2021-09-14,417.7891963518897,417.9943068896821,413.2208563214342,414.1065673828125,78197100
2021-09-15,414.526223828561,418.05970848435203,413.42609807306496,417.5655822753906,78792200
2021-09-16,417.0433450420891,418.0129326039961,413.9666870513968,416.90350341796875,77786700
2021-09-17,416.13478169530885,416.55565067502687,412.4870792787578,412.8424987792969,118425000
2021-09-20,406.74432982392835,408.31563107334745,401.1137908654286,405.95867919921875,166445500
2021-09-21,408.2875973593277,409.5783193704684,405.0514587158713,405.5752258300781,92526100
2021-09-22,407.83862947573203,411.5611435713708,405.68744521806696,409.5315246582031,102350100
2021-09-23,411.3928705495989,416.1068038316686,411.15904489037365,414.5074157714844,76396000
2021-09-24,412.8799262600289,415.90096352552064,412.66479641554514,415.19012451171875,62094800
2021-09-27,414.16127425016805,415.32104015057223,413.31014559826434,414.0022888183594,61371100
2021-09-28,411.24311932770905,411.57048088015347,404.9298280542011,405.65936279296875,130436300
2021-09-29,407.03427776898445,408.7645930197675,405.7809759041746,406.3421630859375,82329200
2021-09-30,407.81055870084094,408.5120355292715,401.0389781842043,401.3757019042969,140506000
2021-10-01,403.0966548978282,407.819920791209,399.5892707562588,406.1457214355469,129240100
2021-10-04,404.98598629215144,405.8838687084721,398.77556393327893,400.9080810546875,128570000
2021-10-05,402.40448811569496,407.3148256262935,401.6095039247003,405.0794677734375,90682500
2021-10-06,401.4972736297954,406.9687986871979,399.87921865411016,406.7630310058594,113032200
2021-10-07,410.0272637647416,413.10438834176847,409.8495540118839,410.27978515625,72437500
2021-10-08,411.04673863158837,411.4302160683865,408.90488798924395,409.5315246582031,74557400
2021-10-11,408.8768487322521,411.77629222213716,406.5011723645591,406.566650390625,65233300
2021-10-12,407.48321348221907,407.8853866681187,404.78017581687527,405.5658264160156,71181200
2021-10-13,406.58527857778154,407.8385803077712,403.6203860978582,407.0248718261719,72974000
2021-10-14,410.6725606418157,414.0209591805535,410.2049094470439,413.8713073730469,70236800
2021-10-15,415.9756898880979,417.38800546762263,415.3583869568452,417.0232238769531,66260200
2021-10-18,415.2462593259366,418.59462977547827,414.5915361472241,418.2579345703125,62213200
2021-10-19,419.87601973520236,421.55019069451413,419.26805026281613,421.4847412109375,46996800
2021-10-20,421.9430117230665,423.4395013974078,421.830779992545,423.14019775390625,49571600
2021-10-21,422.54160853266404,424.46832943743675,422.1113773662151,424.2438659667969,41305400
2021-10-22,423.8135918943795,425.2539656192229,421.86814686856104,423.8042297363281,58845100
2021-10-25,424.88926337758664,426.4044490205088,423.1215563085675,426.07708740234375,45214500
2021-10-26,427.6203353375782,428.826855070524,426.0864254618151,426.4605407714844,56075100
2021-10-27,426.9188157990134,427.58287254810574,424.4963573294037,424.5711975097656,72438000
2021-10-28,425.992866699538,428.74265832035,425.98353308393456,428.6678466796875,51437900
2021-10-29,426.37633178072844,429.8276001732101,426.0863902989246,429.53765869140625,70162400
2021-11-01,430.5196789876019,430.893822778383,428.55556680181957,430.2765197753906,48433600
2021-11-02,430.4448427228555,432.3248095542426,430.3138866949434,432.0161437988281,48908400
2021-11-03,431.45500068055804,435.05592075419565,431.0154073955712,434.65374755859375,52509800
2021-11-04,435.2523818386185,436.78629172441015,434.90632446133264,436.7021179199219,52847100
2021-11-05,438.91873147438207,440.20009126070624,436.71143139873345,438.2172546386719,66390600
2021-11-08,439.3116013484249,439.8073105381087,437.908647580282,438.5914001464844,50405200
2021-11-09,438.9562129182513,439.190038562837,435.7387697652981,437.1417236328125,51149100
2021-11-10,435.45806257315104,437.14162395618587,432.1471127518589,433.6248779296875,69429700
2021-11-11,435.11203553677166,435.1868757153558,433.7465019808427,433.76519775390625,34848500
2021-11-12,435.0278628031356,437.59058233417034,434.08319821257237,437.03875732421875,53466700
2021-11-15,438.32018263477465,438.4791680775358,436.06610015716393,437.1884460449219,46980500
2021-11-16,436.9264417709659,440.05034787073987,436.85163014971766,438.91864013671875,48857500
2021-11-17,438.65688553568276,438.8345952994172,437.23523596897536,437.8525390625,47858300
2021-11-18,438.8813734885716,439.6015747427725,436.16900171530943,439.3396911621094,50625600
2021-11-19,439.2273454032156,440.4713135766684,438.1891734422036,438.553955078125,57315600
2021-11-22,440.42457739014736,442.9031231346711,437.11359877761777,437.3193664550781,72762000
2021-11-23,436.99207785446634,438.7504512930399,434.40129995207354,437.8993225097656,73206500
2021-11-24,435.9070024095088,439.18992272744345,435.0932939478714,439.0683288574219,61858800
2021-11-26,432.42769071205043,433.88676011362156,428.15335206646023,429.2757263183594,112669600
2021-11-29,434.0457642896097,436.3746579851634,431.85716023659006,434.5414733886719,86268800
2021-11-30,432.10968361693193,434.00834623655254,425.84314648487594,426.0863342285156,148559600
2021-12-01,431.77288654761657,434.6068508437339,421.15720172363075,421.3536071777344,131939200
2021-12-02,421.56889106102784,429.369310207567,421.1760514660489,427.8073425292969,127637800
2021-12-03,429.4628896298023,430.51975754780614,419.87603837650664,424.08489990234375,137331600
2021-12-06,426.6194532350287,430.9779654861863,424.21571941411963,429.10736083984375,98977500
2021-12-07,434.36381305031244,438.5446161321875,428.976461819127,437.9834289550781,95484700
2021-12-08,438.37629263787375,439.59217446913857,436.62725298872556,439.1432189941406,72238800
2021-12-09,437.86187787932255,439.2461359124412,435.98193918547975,436.1783447265625,61272600
2021-12-10,438.8719839338528,440.4339230591345,436.3279600988827,440.2842712402344,77159800
2021-12-13,439.7698539667308,440.1159113005939,436.10345586445044,436.3840637207031,87724700
2021-12-14,433.1292229901505,435.60776885896564,430.4729673662913,433.3817443847656,97264100
2021-12-15,433.4378558520737,440.39647953000116,430.9312236978613,440.1533203125,116899300
2021-12-16,441.9958662441794,442.2764455495963,434.72854825907325,436.2718200683594,116568600
2021-12-17,433.20542255890297,436.19952155606984,429.9297585264146,431.62860107421875,135511600
2021-12-20,426.56967673583256,427.4331620445399,423.4347948406732,427.0389709472656,107134800
2021-12-21,430.446132763989,434.7636463402169,428.28739029760146,434.62286376953125,69806300
2021-12-22,434.3693066437573,439.08100980710736,434.1721824687357,438.9683837890625,58890200
2021-12-23,439.96337355674586,443.1921203922969,439.8601425672733,441.69976806640625,56439700
2021-12-27,443.07001273264143,447.9976015537163,443.0230947726751,447.95068359375,56808600
2021-12-28,448.3824616482978,449.4055195900255,446.8244014321464,447.58465576171875,47274600
2021-12-29,447.6879018485856,449.1708589058926,446.6930004438283,448.1571960449219,54503000
2021-12-30,448.5795345178264,449.5838309519996,446.45834427104364,446.9182434082031,55329000
2021-12-31,446.43022358419387,447.57527399414477,445.5197916430219,445.7919616699219,65237400
2022-01-03,447.04954253981674,448.5043714174516,444.7500186650082,448.3729553222656,72668200
2022-01-04,449.7902944480765,450.503630734945,446.3738192251194,448.22283935546875,71178700
2022-01-05,447.8568326219161,448.62648196413437,439.5221632658069,439.61602783203125,104538900
2022-01-06,439.15611548728646,441.9061724699496,436.8471675300687,439.2030334472656,86858900
2022-01-07,439.212494806085,440.38573041712436,436.11513560687246,437.4667053222656,85111600
2022-01-10,434.2848710913376,437.13815924974546,428.55947603097115,436.92230224609375,119362000
2022-01-11,436.65944664953486,440.995720027767,433.67471407606854,440.90185546875,74303100
2022-01-12,442.6289659650615,444.1401084084531,440.1417120637422,442.0939636230469,67605400
2022-01-13,443.19200052308105,443.83962872526985,434.97935310461276,436.0024108886719,91173100
2022-01-14,432.8675400643002,436.52802870303964,431.6567531379873,436.1807556152344,95890900
2022-01-18,431.5066502940451,431.71314090139424,427.3487102823898,428.45623779296875,109709100
2022-01-19,429.9954611015999,431.38455344940263,423.7350645572912,424.00726318359375,109357600
2022-01-20,425.8844492805024,430.56799582128895,417.202507339247,419.3143310546875,122379700
2022-01-21,418.19743405643766,420.5439049938418,411.05479027183264,411.08294677734375,202271200
2022-01-24,405.4983319626778,413.3355505734703,394.92045135440037,412.8287048339844,251783900
2022-01-25,406.4651000702844,412.7161024030997,400.9180390545414,407.78851318359375,167997300
2022-01-26,413.65473932325733,416.7708601265954,402.5230644296047,406.7655029296875,186391100
2022-01-27,411.3457755828655,414.4712624598946,403.07681378422694,404.7568664550781,149878300
2022-01-28,406.1084105135008,414.8560610276969,401.54688476779603,414.80914306640625,164457400
2022-01-31,414.1427300497246,422.62757707476004,412.800555532894,422.2803039550781,152251400
2022-02-01,423.0029313346055,425.7717780358718,419.49262056418365,425.133544921875,123155400
2022-02-02,427.52706378997823,429.98616108876035,425.22751049662656,429.2634582519531,117361000
2022-02-03,423.2564800563561,425.15241844539145,418.3382570186423,419.1736145019531,118024400
2022-02-04,418.9389039958587,424.97402004258834,416.5736430884237,421.14459228515625,118454400
2022-02-07,421.9049762329036,423.29406904714085,418.4697384750621,419.79315185546875,84472900
2022-02-08,419.29559079665904,424.16686670467533,417.87831319896964,423.2470397949219,81012000
2022-02-09,427.26420999418116,429.76085856020444,427.06711445154485,429.4417419433594,92589900
2022-02-10,423.6224701723359,429.6012734878491,419.7367292271085,421.7265319824219,140103700
2022-02-11,421.81105342594435,423.87593090171083,411.9840308668378,413.4106750488281,153214600
2022-02-14,412.9038345326054,414.4806562198295,408.6050834849175,412.05908203125,123006300
2022-02-15,416.4798044209463,418.8731931731084,415.96356366027453,418.7042541503906,88482700
2022-02-16,416.6675706954675,420.5439456416827,414.7997888146647,419.1736145019531,84863600
2022-02-17,416.0011290518587,419.1454057486569,409.618739738148,410.21942138671875,102259100
2022-02-18,410.4728026773066,411.7211411385126,405.30120069692,407.5632019042969,132642900
2022-02-22,405.36695455226914,408.7552449000615,399.70723904825377,403.1894226074219,124391800
2022-02-23,406.0896264136833,406.65278513498924,395.47419479431903,396.037353515625,132578000
2022-02-24,385.7785700815535,402.4291467489523,385.42193057202616,401.99737548828125,213942900
2022-02-25,403.2268823286692,410.9514738993984,401.5843528993364,410.86700439453125,121804500
2022-02-28,405.4983445727152,411.2894475933548,404.2500346060891,409.81585693359375,145615000
2022-03-01,408.3235351417943,410.32273316160007,400.8805068214816,403.57427978515625,137785900
2022-03-02,405.8174781319554,412.71610887615117,405.0666188393467,410.9985046386719,117726500
2022-03-03,413.4200830615283,414.0207648146663,407.1596850828388,408.952392578125,105501700
2022-03-04,405.23554101174136,406.7560496342077,401.6032084928617,405.6297607421875,113978200
2022-03-07,405.04789997332017,405.7518414252331,393.6065026167526,393.6722106933594,137896600
2022-03-08,393.85044666663845,400.97432894741854,389.62679900774907,390.6874084472656,164772700
2022-03-09,399.0314934618867,403.1331202623526,396.85396145942144,401.1620788574219,116990800
2022-03-10,396.57234376713836,400.2422276939095,394.620092580412,399.3505859375,93972700
2022-03-11,401.82845214023683,402.4385288577548,393.76598140373204,394.2728271484375,95636300
2022-03-14,395.04244919429476,398.4776572170098,390.2556430646185,391.3913269042969,95729200
2022-03-15,393.99124132149103,400.62706816648796,392.72416989957503,399.99822998046875,106219100
2022-03-16,403.48976588827804,408.92417189713063,398.7123259052682,408.86785888671875,144954800
2022-03-17,406.96262340062464,413.9832763671875,406.5871936932228,413.9832763671875,102676900
2022-03-18,412.3788286596397,418.83753350872564,411.6444565524196,418.5174255371094,106345500
2022-03-21,418.3480491435097,420.3440338146594,414.90213969461723,418.3951416015625,88349800
2022-03-22,419.77910261257296,424.223004155329,419.77910261257296,423.2909240722656,74650400
2022-03-23,420.76766221116077,422.25522626407883,417.754837158317,417.8395690917969,79426100
2022-03-24,419.8543815321978,424.1476383476217,418.7434134818091,424.1382141113281,64736900
2022-03-25,424.7690638457169,426.48260848847235,422.1987468815837,426.2095642089844,77101300
2022-03-28,425.61638352750333,429.2411804199219,423.73337514000565,429.2411804199219,68529800
2022-03-29,433.11073878007403,435.04083957177517,430.4368703799773,434.5512390136719,86581500
2022-03-30,433.41203287887015,434.221741418466,429.7684162817575,431.86798095703125,79666900
2022-03-31,431.10541007140074,431.9245142006821,424.7690759011227,425.22100830078125,121699900
2022-04-01,426.7933192033268,426.9345391042458,422.86726229562163,426.4261474609375,89048800
2022-04-04,426.6237972828837,430.1826819640368,425.80469323655575,430.0791015625,59601000
2022-04-05,428.59157264929064,431.04888498929796,423.5074553649345,424.64666748046875,74214500
2022-04-06,420.74883235488153,422.6694802657768,417.5288752979102,420.40045166015625,106898000
2022-04-07,419.52485288651064,424.3265300513527,417.58535653376873,422.5188293457031,78097200
2022-04-08,421.76563401623116,424.2700386147041,419.85438165587385,421.3890380859375,79272700
2022-04-11,418.13146105748064,418.96941367640034,413.68758834274337,414.18658447265625,89770500
2022-04-12,417.1617012912827,419.67553034639525,411.1078357022038,412.65191650390625,84363600
2022-04-13,412.4070937143792,418.1314267488248,412.22820561338756,417.37823486328125,74070400
2022-04-14,417.60429002576643,418.7152871206571,412.0776634654429,412.1812438964844,97869500
2022-04-18,411.25843764326237,414.0264622248378,410.1286211368297,412.3505859375,66002500
2022-04-19,412.24699734346973,419.72254266588925,412.0775334906012,419.00701904296875,77821000
2022-04-20,420.77700318532357,421.3889750720909,417.53822695074984,418.6962585449219,65224400
2022-04-21,422.30230774795746,423.68632009037725,411.53149725254485,412.4353332519531,85417300
2022-04-22,411.3525843005969,412.4541280731046,400.55353048054263,401.1184387207031,132471800
2022-04-25,398.88709289400344,403.6134335850115,394.33961156529534,403.4439697265625,119647700
2022-04-26,400.9207672684951,401.11850386074025,391.73170475049534,391.75994873046875,103996300
2022-04-27,392.83320621839357,398.1809719519438,390.7336702250882,392.8614501953125,122030000
2022-04-28,397.5878794830503,404.5079421929247,393.1722217887701,402.78497314453125,105449100
2022-04-29,398.81181190653876,400.95844060924014,387.1559838147255,387.8997802734375,145491100
2022-05-02,387.96562121333255,391.5904179300961,381.3279997296009,390.2346496582031,158312500
2022-05-03,390.7336728773015,394.4243533044233,389.18016793893156,392.0235290527344,100028200
2022-05-04,392.68262060096464,404.5267613823129,389.5097555471763,403.96185302734375,144247900
2022-05-05,399.7156285575717,400.13931697439904,385.4895127503543,389.6038818359375,172929100
2022-05-06,387.052429506514,390.53597823132685,381.9965559339357,387.27838134765625,151770800
2022-05-09,381.40340215959606,382.6367705084989,373.30645933793636,374.8787841796875,155586100
2022-05-10,380.8290513721074,382.32603970720356,371.72472120975783,375.74493408203125,132497200
2022-05-11,374.7845967667288,380.4053781846459,369.03199096468177,369.7757873535156,142361000
2022-05-12,366.5935320489902,372.647397923669,362.62038267397736,369.3898010253906,125090800
2022-05-13,373.5041843615176,379.59571868333563,372.46852382526714,378.22113037109375,104174400
2022-05-16,376.58291071803427,380.3395037850034,374.34212582460293,376.68646240234375,78622400
2022-05-17,382.74969701428194,384.67037360597254,379.03074397272616,384.43499755859375,83029700
2022-05-18,379.8970216272491,380.17946145147056,367.70452827535894,368.9378967285156,117674500
2022-05-19,365.8873930171805,371.0845150929089,364.46571234321414,366.6782531738281,98510700
2022-05-20,370.24649717138874,373.8053816147372,358.2799877872286,366.8382568359375,131432200
2022-05-23,369.85112637485844,374.46452049127714,367.5444580490805,373.701904296875,76414900
2022-05-24,369.5969043569321,372.035396905163,364.32447483504643,370.84912109375,91448800
2022-05-25,369.3615701104793,376.08392497670934,368.96615437272027,374.1255798339844,91472900
2022-05-26,375.34941106776904,383.22979492424366,375.14227903916446,381.6009826660156,82168300
2022-05-27,384.0489933488559,391.08203108602834,383.85128550592344,390.96905517578125,84768700
2022-05-31,389.35905760743515,392.0988383279228,386.04497310590705,388.77532958984375,95937000
2022-06-01,390.8843163808003,391.89170405110434,383.1263021350257,385.6307067871094,86585800
2022-06-02,385.47063713429924,393.02148998349895,383.229852686857,392.97442626953125,79609600
2022-06-03,388.2762998678674,389.8203804421854,385.55536785619387,386.5251159667969,71874300
2022-06-06,390.517114758432,392.2400548190691,386.5345416096812,387.7020263671875,57508900
2022-06-07,384.22788209472355,391.8728918468309,383.76652548386954,391.42095947265625,59272400
2022-06-08,389.7169046387873,391.4963617246331,386.3745755525621,387.1654357910156,64350000
2022-06-09,385.3953050112038,387.6549092229484,377.9574279785156,377.9574279785156,86289800
2022-06-10,371.78114799019477,372.6284959437039,366.95122730303984,366.998291015625,132893900
2022-06-13,357.63041909690946,359.4757595056047,351.4635486063113,353.0641174316406,170004900
2022-06-14,354.80590682519255,355.83214308056677,348.91208061939693,352.0002136230469,104011800
2022-06-15,355.28600909693944,361.4434545749502,350.3525363114145,357.0184020996094,125666800
2022-06-16,348.83676669769454,349.2416066501107,342.7828722240161,345.2025451660156,134473300
2022-06-17,345.61578942511153,349.2751458907682,342.45758461496894,345.94671630859375,111113900
2022-06-21,351.64851628810544,356.03595201089433,351.5728544262298,354.6554260253906,76811900
2022-06-22,350.44765912993915,358.1067930550198,350.03160541553143,354.0124816894531,90059400
2022-06-23,356.1399405915164,358.2107149131913,352.594048691356,357.4826354980469,79292100
2022-06-24,360.64083785574906,368.85785361765244,360.6124718749588,368.848388671875,98050300
2022-06-27,369.7656112640716,370.05873603154885,366.3521130366236,367.43951416015625,66009600
2022-06-28,368.99029067465796,371.76080759717377,359.81823772369825,359.93170166015625,86548900
2022-06-29,360.48009144199665,361.463464638206,357.82303888138387,359.6385192871094,65676000
2022-06-30,355.7616996920369,359.9411371004125,352.2820045953657,356.71673583984375,112508300
2022-07-01,356.06423631454527,360.92448541776207,353.4544509528778,360.489501953125,74839700
2022-07-05,355.42134927768956,361.1893400506747,352.60353638031745,361.17041015625,81438000
2022-07-06,361.31223262960197,364.8675899225477,358.93886830851153,362.39019775390625,70426200
2022-07-07,364.15839292566767,368.61202540572873,362.4090803527021,367.8177490234375,64525900
2022-07-08,366.191344484654,369.3779436355089,364.6689887193885,367.5151672363281,72397800
2022-07-11,364.8486235807286,365.81309573783363,362.6265256703713,363.3168029785156,58366900
2022-07-12,362.76841613095786,365.14180928001315,358.36205049936086,360.1018981933594,62219200
2022-07-13,354.68376178018957,361.1325642695577,354.2677081449695,358.2107238769531,84224600
2022-07-14,353.27490712624945,358.4188177084197,350.8448106264778,357.34088134765625,89704800
2022-07-15,361.7282567851243,364.2813106084498,359.82767826526884,364.1678466796875,79060400
2022-07-18,367.24102796860734,367.91237558829357,359.94121554632426,361.1610107421875,63203600
2022-07-19,365.0661316858812,371.48656848607965,364.413714078224,370.9192199707031,78506000
2022-07-20,371.1083701548272,374.6920934702504,369.7467451710396,373.2831726074219,71843800
2022-07-21,372.7064115969495,377.1316786465858,370.314117204785,377.08441162109375,64903900
2022-07-22,377.20724693792687,378.3986469363147,371.37306038346526,373.585693359375,72197300
2022-07-25,374.20983824071493,374.8906507241828,371.8080790828495,374.0396423339844,53631500
2022-07-26,372.40379790822186,372.6118247488071,368.7255405509069,369.6143798828125,52946400
2022-07-27,372.89547598359957,380.9517617542331,372.602351195438,379.2119140625,82342100
2022-07-28,380.0156283887417,384.6583576476985,376.47917243204495,383.9681091308594,73966600
2022-07-29,385.39594499465454,390.5493202190506,384.63003453579483,389.56591796875,87003700
2022-08-01,386.880471670519,390.90861443486426,386.17129323209457,388.41229248046875,69997500
2022-08-02,386.85212626915603,390.5209475361801,384.6773238182315,385.8498229980469,63435400
2022-08-03,387.96791512064965,393.0550936237523,387.68425525698314,391.8920593261719,67820600
2022-08-04,391.81629417270625,392.49710652258676,389.99134886557505,391.627197265625,45656600
2022-08-05,387.36267776862576,391.608282965117,387.3059458085889,390.9653015136719,56814900
2022-08-08,392.64844425670384,394.8894434033857,389.4145780273554,390.5114440917969,53886100
2022-08-09,389.78342737869485,390.2845790454968,387.8922846576991,388.9607849121094,44931800
2022-08-10,395.98626864703226,397.2722603631877,394.0383944672068,397.1304016113281,68665700
2022-08-11,399.9671149438748,401.82045509784757,396.3928572991276,397.1304016113281,59489700
2022-08-12,399.0594018073081,403.9574535679473,398.1138306323642,403.85345458984375,61694500
2022-08-15,401.65022630113936,406.0376900622045,401.5934943435859,405.5176086425781,54048300
2022-08-16,404.4492350458775,408.23152036285336,403.64549364471077,406.31201171875,59289000
2022-08-17,402.7282954712,406.12289314083716,401.4328673441197,403.4280090332031,63563400
2022-08-18,403.6264978547886,405.2812474108149,402.34053490810277,404.6004638671875,49023200
2022-08-19,401.8488709739081,402.1136297635589,398.29351392155985,399.1634521484375,68016900
2022-08-22,394.3504330682569,394.52065780471906,389.9535330310516,390.8518371582031,77695600
2022-08-23,390.42636368047374,392.8092217006566,389.3578635500323,389.90631103515625,49105200
2022-08-24,389.67933184867115,392.51604543751745,388.9985482896292,391.1544494628906,49177800
2022-08-25,392.639057923634,396.7239332870282,391.5516565876531,396.6766662597656,50942300
2022-08-26,396.5630774113692,397.1020310073054,383.19268820854865,383.2494201660156,103087000
2022-08-29,380.30874334599116,383.7506074648165,379.3631721580166,380.71533203125,65370800
2022-08-30,381.86898583766924,382.1053786692072,374.4462451560691,376.53594970703125,85652400
2022-08-31,378.16233169722864,379.40102781992005,373.53850294031076,373.6708679199219,76029700
2022-09-01,371.50548804103204,375.18374505731157,368.8106043103933,374.8433532714844,78740100
2022-09-02,378.4932391584454,379.70356914138836,369.08479416646423,370.8908386230469,99632100
2022-09-06,371.7324544703169,372.66856083501824,367.2788216710287,369.491455078125,76637400
2022-09-07,369.1793490313916,376.8952133261025,368.9618861280906,376.1293029785156,70964200
2022-09-08,373.86937791353984,379.04162422279734,372.66848412640496,378.5877685546875,80821700
2022-09-09,380.8193790648535,385.3297726688279,380.55462025307344,384.46929931640625,76706900
2022-09-12,386.5305458980339,389.31999213364895,386.22795622610516,388.6013488769531,69256300
2022-09-13,379.95888974243803,381.1597837204144,370.5883038747845,371.7040710449219,122947100
2022-09-14,372.9995076387831,374.6353563576037,369.8318380483669,373.1224365234375,85023700
2022-09-15,371.57167994308946,374.40839376655435,367.6191989412992,368.8862609863281,87633800
2022-09-16,364.7238414484203,366.72717860017747,362.79641901083147,366.0720520019531,103084800
2022-09-19,362.9388950406954,368.91094970703125,362.86292236913584,368.91094970703125,73278500
2022-09-20,365.5973340819425,366.6037545982577,361.9324497442443,364.6763610839844,77274900
2022-09-21,366.5942260628629,369.6324950611645,358.3054986149796,358.31500244140625,106746600
2022-09-22,357.5459378785754,359.1790024904426,354.5646626886457,355.30523681640625,89472600
2022-09-23,351.8491550778172,351.887141405295,344.92764635528243,349.35211181640625,122346900
2022-09-26,347.8900111292315,351.49793062480813,344.6808467381226,345.8961486816406,92581200
2022-09-27,349.41864254939213,351.6783515332495,342.63004074479505,345.01318359375,108294100
2022-09-28,345.96264208515834,353.48231433980953,344.2726122472369,351.8017883300781,110802200
2022-09-29,348.2697731293536,348.5545981921768,341.5191583646997,344.4529724121094,112952300
2022-09-30,343.5130058772176,347.41528324882285,338.9936171691522,339.12652587890625,153711200
2022-10-03,342.8294068400838,349.9218411560904,341.05392954790506,348.07989501953125,89756500
2022-10-04,353.57721811383504,358.8941746443229,348.04190536505,358.8656921386719,103602800
2022-10-05,354.517213813191,360.2803868520497,352.2005400048697,358.0301818847656,88065700
2022-10-06,356.63442728157884,359.5777447717773,353.8430261300766,354.3367614746094,82333500
2022-10-07,350.32060050692866,354.4222552620788,342.69647392447916,344.4529724121094,107789500
2022-10-10,345.5637937626023,345.80115762255645,339.5917399082143,341.82293701171875,76042800
2022-10-11,340.1329308775536,344.68083086003986,337.7308096086358,339.658203125,92482800
2022-10-12,340.0664801784366,341.63307591693376,338.29097410138615,338.537841796875,76991800
2022-10-13,331.5593747401117,348.9344292266556,330.5149678078465,347.4722595214844,147254500
2022-10-14,349.9218097110879,351.54539946318886,338.91762404448093,339.55377197265625,123737000
2022-10-17,345.61129877486803,349.38063819195844,339.22145295922246,348.2792663574219,93168200
2022-10-18,356.16925149824414,356.4730842166548,348.94387997178285,352.3714294433594,97162900
2022-10-19,350.33955250549025,353.05501012296355,347.0734234834684,349.87432861328125,79746900
2022-10-20,349.4280898959749,353.83357711460013,346.18093949129155,346.9405212402344,88283100
2022-10-21,346.6652440334436,355.855967817592,345.1651168479461,355.37176513671875,131038400
2022-10-24,356.8908256086108,360.85003863790973,354.2513116223034,359.7201843261719,85436900
2022-10-25,359.6442798008037,365.77775460734784,359.5303497695806,365.4644470214844,78846300
2022-10-26,362.33125259605407,367.9900000333237,362.0749100071893,362.7110290527344,104087300
2022-10-27,363.70792288491305,365.54036503352893,360.15693963581714,360.77410888671875,81971800
2022-10-28,360.66960588007123,369.8318443830528,360.489207042208,369.35711669921875,100302000
2022-10-31,366.90759418543263,368.7685188952542,365.78724362365824,366.689208984375,96631300
2022-11-01,370.42055862920466,370.65792248879427,363.91678308143315,365.0845947265625,85407600
2022-11-02,364.49600742245565,368.98694294470477,355.8179981060472,355.92242431640625,126990400
2022-11-03,352.6942182018951,355.2862420190042,350.1496845424735,352.2574768066406,87100100
2022-11-04,357.9448076614162,359.7202852278604,351.2986175987374,357.3276672363281,103505200
2022-11-07,358.61886625865293,361.33432433939305,356.5490600064299,360.74566650390625,68286900
2022-11-08,361.8469568156974,365.65428248614427,358.62831787010947,362.6919860839844,84641100
2022-11-09,360.7266798385477,361.87554204248653,354.72611314844636,355.2198486328125,78495500
2022-11-10,368.4361720364201,375.07288526749676,366.1480099232559,374.7405700683594,141455800
2022-11-11,375.5951003651524,379.1650623418643,373.7151680311234,378.3675231933594,93839900
2022-11-14,376.61106501327595,379.9531383229995,374.8735450242789,375.1488952636719,71903500
2022-11-15,380.8741579985081,381.9755301156796,374.5507793978158,378.3486022949219,93194500
2022-11-16,376.72498240572435,377.6744379820254,374.83557508091235,375.46221923828125,68508500
2022-11-17,370.7243833730803,374.9874582361336,370.42057963663734,374.3133239746094,74496300
2022-11-18,377.63640863793864,377.7028774747301,373.1739853225882,376.0128479003906,92922500
2022-11-21,374.693120041292,375.81347054023524,372.81318778240984,374.6456298828125,51243200
2022-11-22,376.58251647845884,379.84864551592176,375.1773119937102,379.6872253417969,60429000
2022-11-23,379.3549333957438,382.56409762142516,379.1270733477937,382.07989501953125,68261600
2022-11-25,381.51965705763075,382.5450851329431,381.24433584905154,381.994384765625,30545400
2022-11-28,378.9182180421719,380.5512827733344,375.13937446161043,375.8989562988281,67881600
2022-11-29,376.031857943791,377.218677377997,373.4208551885378,375.2533264160156,52310000
2022-11-30,375.50019965825663,387.0740661621094,373.59181353575764,387.0740661621094,144566700
2022-12-01,388.1089126426204,389.27675333365096,384.29211197998836,386.7891845703125,76398200
2022-12-02,381.918429921581,387.24486074159796,381.81400373691196,386.3428955078125,85342700
2022-12-05,383.53249309935995,384.46294078102943,378.0446424372864,379.3928527832031,77289800
2022-12-06,379.23146151769544,379.7726290359641,371.84470019254604,373.9239807128906,77972200
2022-12-07,373.07902147703123,375.642562745206,372.1580485447694,373.28790283203125,65927900
2022-12-08,375.16784142056355,377.2756047091014,373.39233538526526,376.21221923828125,60737900
2022-12-09,374.9779244191876,377.5224579807687,373.2783911110442,373.4018249511719,81447700
2022-12-12,374.1898882628355,378.7852783203125,373.52528680664847,378.7852783203125,75405800
2022-12-13,389.4856572201214,389.7419997878151,378.8992336233936,381.65264892578125,123782500
2022-12-14,381.31081297545614,385.00420881267286,376.27871036892407,379.2125244140625,108111300
2022-12-15,374.37028116191146,375.27227545068706,368.28429708214924,369.93634033203125,117705900
2022-12-16,367.39060804195844,368.72594377762675,363.4418274301868,365.5688171386719,119858000
2022-12-19,365.759577222778,366.0934184203677,360.8092731762787,362.4689025878906,79878100
2022-12-20,361.7154089937889,364.5768550701663,360.39913914135377,362.96490478515625,74427200
2022-12-21,365.5497098013311,369.51758489971746,365.01557556771496,368.39208984375,78167400
2022-12-22,365.35900443658744,368.37306481720873,357.4614135029072,363.1366271972656,100120900
2022-12-23,362.1160163012456,365.36853035773834,360.57083998702353,365.2254638671875,59857300
2022-12-27,365.11106539954454,365.4544250283312,362.1160705771375,363.7852478027344,51638200
2022-12-28,363.71849326599545,365.6833801994517,359.03528424234065,359.2641906738281,70911500
2022-12-29,362.0969229072174,366.5989324853657,361.57230700428545,365.73095703125,66970900
2022-12-30,363.0602696961742,364.9106445983467,360.9523169257117,364.767578125,84022200
2023-01-03,366.61799691898324,368.5828541871979,360.3800364563273,363.2319641113281,74850700
2023-01-04,365.4829951067627,368.05830845065526,362.44986897863134,366.0362243652344,85934100
2023-01-05,364.0904452321647,364.2048984321615,361.26715956907026,361.8585205078125,76970500
2023-01-06,364.9393357955822,371.2726847102666,361.88714364948856,370.1567077636719,104189600
2023-01-09,372.34092442068106,375.51714610031314,369.76564022685335,369.94683837890625,73978100
2023-01-10,369.3650365764805,372.6080033161442,368.43028694753167,372.5412292480469,65358100
2023-01-11,374.11498982562864,377.3293427656513,373.30424098984014,377.2530212402344,68881100
2023-01-12,378.3499708858858,380.08589280712,374.2962553998828,378.6265563964844,90157700
2023-01-13,375.4408650484913,380.66778464278104,375.1737978638569,380.0954895019531,63903900
2023-01-17,380.0763692929868,381.7455462351786,378.7219386237428,379.3991394042969,62677300
2023-01-18,380.5818900873673,381.6406112039505,373.20888660482075,373.4091796875,99632300
2023-01-19,371.3775455516614,373.01810918357603,369.37455652309,370.6908264160156,86958900
2023-01-20,372.0833537682657,377.74901897003355,370.44279029051245,377.5964050292969,91806400
2023-01-23,378.3976232018816,384.05374118740224,377.4438078609924,382.1270446777344,84178800
2023-01-24,380.45787568340137,382.6230260729778,379.27515395089165,381.7169189453125,59524900
2023-01-25,377.66323376967637,382.19385709358215,375.38360090426846,381.8600158691406,84800300
2023-01-26,384.5116168819161,386.2189546426973,381.55478324321655,386.0567932128906,72287400
2023-01-27,385.01715091180836,389.3093204688235,384.80731034691763,386.94384765625,68346200
2023-01-30,384.19688290612737,386.4192893861794,381.79327825530487,382.0889587402344,74202000
2023-01-31,382.6039305400102,387.75452726560434,382.2605419006332,387.70684814453125,86811800
2023-02-01,386.49553736704746,394.5648367609675,383.7676392435468,391.8273620605469,101459200
2023-02-02,395.6998505537126,398.990525390848,393.811314654258,397.53118896484375,101654500
2023-02-03,392.58087711398565,397.71240862486854,392.1039694138387,393.3057861328125,94736800
2023-02-06,390.86405950020315,392.29478274143617,389.2521089864295,390.9021911621094,60295300
2023-02-07,389.98652766410515,397.25459690875016,388.746579192855,396.0146484375,90990700
2023-02-08,394.0497990721952,395.3851349400619,390.9975778529523,391.684326171875,76227500
2023-02-09,395.27066286428095,395.4232768287697,387.06784419886776,388.2887268066406,78694900
2023-02-10,387.115514984604,389.57637508525863,386.304795158678,389.1948547363281,70769700
2023-02-13,389.84341318387385,393.8971284439127,389.38557133439986,393.7635803222656,64913500
2023-02-14,392.2470022111371,395.88103624546926,389.6431050211973,393.5823669433594,88389300
2023-02-15,391.3981496403728,394.9367965737248,390.55878744301873,394.8605041503906,61555700
2023-02-16,389.9101917236614,393.83990637535055,389.2902175572194,389.4237365722656,76431500
2023-02-17,387.3063070107498,388.6893510840452,385.38912860346915,388.4508972167969,89257800
2023-02-21,384.4448207915137,385.4940235203808,380.40065293639157,380.6581726074219,82655900
2023-02-22,381.06832644021057,382.60398440393413,378.68378788820354,380.13360595703125,83742300
2023-02-23,383.01415935083475,383.62461525788194,377.9494012488701,382.1557312011719,96242400
2023-02-24,377.1577095966057,378.90317902341906,375.45991929796907,378.0733642578125,108194400
2023-02-27,381.4022035230167,382.7566343554962,378.42630378758486,379.3610534667969,80444700
2023-02-28,378.8840949077096,380.8394047987781,377.8539579939496,377.9588928222656,96438600
2023-03-01,377.1480716770428,378.36895396856244,375.2118279856141,376.5090026855469,99706800
2023-03-02,374.54420891841545,380.2766485518157,374.2103677204858,379.4372863769531,85127800
2023-03-03,381.24960098401937,385.7707064328963,380.60101340338394,385.522705078125,90120000
2023-03-06,386.342872914107,388.6320529045699,385.35092596691464,385.7896728515625,72795900
2023-03-07,385.7419944311332,385.98044825489535,379.26558042747604,379.8760070800781,108310600
2023-03-08,379.99048126599143,381.2494953064361,378.27359630662346,380.4960021972656,74746600
2023-03-09,381.27812390527305,382.9377823434292,372.4934930227915,373.4759216308594,111945300
2023-03-10,372.93222177410377,375.0020137102081,366.5702902464224,368.08685302734375,189253000
2023-03-13,364.17625337042944,372.3600057541109,363.0698240200609,367.5622863769531,157790000
2023-03-14,372.4649191205908,375.27868623479475,369.17424429944623,373.63812255859375,149752400
2023-03-15,368.06788061068585,371.50159315536877,365.98854067961,371.3013000488281,172996900
2023-03-16,368.9549017850136,378.1592151165088,368.4493807575096,377.8158264160156,143254200
2023-03-17,376.4906939277479,377.620484528316,372.01936339877824,373.3981018066406,140553400
2023-03-20,374.17369470613346,377.4003451216976,373.4747707102602,376.9886169433594,93055800
2023-03-21,380.33963500083723,382.41732640991324,378.75025527455585,381.9385986328125,91524200
2023-03-22,381.7663294027596,385.3663430375663,375.3896708071276,375.4279479980469,111746600
2023-03-23,378.28116967824513,382.3024953130758,373.7428390023417,376.44287109375,119351300
2023-03-24,375.169370284557,378.9991923934878,372.8331764605713,378.91302490234375,107682400
2023-03-27,381.18223941875726,381.94822147173227,378.7311552876925,379.62158203125,74010400
2023-03-28,378.9322518472337,379.6216211563462,376.94075674270374,378.7695007324219,62871700
2023-03-29,382.9152718021636,384.51423576412026,381.7184521124217,384.2748718261719,77497900
2023-03-30,386.89823380236453,387.14718161102934,384.66737508830965,386.52484130859375,69840000
2023-03-31,387.4440026260915,392.26958723104974,387.3386673117375,391.9727783203125,112062600
2023-04-03,391.45576785501316,393.8685456943349,391.0632075126421,393.4664306640625,67391100
2023-04-04,394.10789340859714,394.3951476376342,389.9142329500153,391.2834167480469,66601500
2023-04-05,390.5557200333499,391.31211814402246,388.6120863205277,390.2589111328125,65200200
2023-04-06,389.4642553207361,392.05898137720516,388.4206320852357,391.78131103515625,63743300
2023-04-10,389.3109829901425,392.2599624153201,388.69822663870286,392.183349609375,63681000
2023-04-11,392.80576103470116,393.6866038625685,391.5227739807362,392.2887268066406,59297900
2023-04-12,394.3473074281028,394.6345616936378,390.1057853353767,390.6898193359375,86420400
2023-04-13,391.7716578689955,396.23340427170086,390.6322834184287,395.879150390625,85814800
2023-04-14,395.2472552060106,397.4302528676945,392.6142522306835,394.9121398925781,78161500
2023-04-17,394.82601113767913,396.3483622283168,393.6004689831214,396.3292236328125,66436400
2023-04-18,397.89941712105417,398.0334749409728,395.21855291496564,396.58770751953125,63560000
2023-04-19,394.6823328652232,397.4206417468214,394.6248878690516,396.5206604003906,55227300
2023-04-20,393.7153034242172,396.0993877029547,392.81529283564134,394.3568115234375,75840400
2023-04-21,394.6536241017087,395.1227679931791,392.71957431843055,394.6632080078125,73457400
2023-04-24,394.46213502684145,395.4962034683657,393.1312868972539,395.0749206542969,64332100
2023-04-25,393.11213941820307,393.667480074213,388.74614386404556,388.8035888671875,97766700
2023-04-26,389.4163794213185,390.48872511908525,386.6014573550663,387.1567687988281,80447000
2023-04-27,389.6844497545518,395.1323747434497,389.4355019352683,394.8642883300781,92968400
2023-04-28,393.9833919074716,398.24408097637763,393.9259469095326,398.2344970703125,89433100
2023-05-01,397.79415208370165,399.852676156497,397.60264924097265,397.83245849609375,62122300
2023-05-02,397.1238469456253,397.1717372569502,390.4695480864417,393.3610534667969,103998500
2023-05-03,393.85890883632186,396.2621316646499,390.4216468499389,390.6610107421875,91531800
2023-05-04,389.6174515879438,389.94298302849234,386.56316548431346,387.89404296875,94901900
2023-05-05,391.51318454758655,396.11854378303155,391.25468204681897,395.0749206542969,87891800
2023-05-08,395.4004621354889,395.6589646428425,393.7823597445963,395.18023681640625,50046800
2023-05-09,393.6387073887216,394.5578565410412,393.21742460657003,393.44720458984375,49220100
2023-05-10,396.2717616781344,396.9036859335044,391.4748993691881,395.28558349609375,96142900
2023-05-11,394.42385640636445,394.8834164060592,392.52808374994316,394.59619140625,70157100
2023-05-12,395.83135343149405,396.0419948569671,391.6664152391856,394.0791931152344,70481500
2023-05-15,394.68235310668433,395.8408662145273,392.7770257910844,395.4387512207031,54289400
2023-05-16,394.3376320009185,395.2568103742265,392.7865586723953,392.796142578125,57705500
2023-05-17,394.80676311367984,398.16741189506894,393.1695224653507,397.5642395019531,87287000
2023-05-18,397.24833527836256,401.81541733647197,397.02813918363745,401.3941345214844,97177200
2023-05-19,402.29416293584904,402.82075186824875,399.5941309256764,400.8100891113281,103793300
2023-05-22,400.8292573658007,402.5048047952054,399.59413136502695,400.9728698730469,60745400
2023-05-23,399.33556115944674,400.90580233866484,396.080218025508,396.4727783203125,86383500
2023-05-24,394.87389632279877,395.2568727625146,392.4419506407974,393.6004638671875,89213700
2023-05-25,397.0951701927873,398.4547701518932,394.8643112540631,397.0090026855469,90961600
2023-05-26,397.6600433469777,402.8686044347789,397.5834597512282,402.1505126953125,93830000
2023-05-30,404.0750097467597,404.6015986704079,400.9249724539097,402.3037109375,72216000
2023-05-31,400.48451382304125,401.38452439451896,398.5121576904561,400.07281494140625,110811800
2023-06-01,400.3026119453019,404.9271388982078,399.05793134165066,403.8739318847656,88865000
2023-06-02,406.4399660164613,410.49956904772046,405.9133770414703,409.7144775390625,91426200
2023-06-05,410.05908136180767,411.34206835375164,408.23033766769487,408.9292907714844,65460200
2023-06-06,408.5175766121595,410.34629101870956,407.8664846247956,409.8197021484375,64022200
2023-06-07,410.2123152273252,411.3421059208301,407.9814271228122,408.4027099609375,85373300
2023-06-08,408.46970190729934,411.32293010381545,407.7037491177831,410.8729248046875,61952800
2023-06-09,411.66758293531126,413.6112165464448,410.6239598849218,411.6101379394531,85742800
2023-06-12,412.5868512563838,415.42091214040283,411.8687594323795,415.34429931640625,76104300
2023-06-13,416.7996543712614,418.7241206070974,416.13900754994665,418.0826416015625,95899700
2023-06-14,418.4177237476961,420.3804962400345,415.14321240552647,418.5804748535156,100612100
2023-06-15,417.7666315386717,425.0145781797127,417.6709093443267,423.7698974609375,110303100
2023-06-16,425.74761712421093,426.31461080665895,421.8555294193706,422.326416015625,114165800
2023-06-20,420.39480701035416,421.27892182844886,418.0691445357275,420.13531494140625,76160400
2023-06-21,419.1551327247259,419.9527600379521,417.3964637735576,417.9826965332031,76982300
2023-06-22,417.03123579350665,419.59712182011833,416.69487567418776,419.4914245605469,70637200
2023-06-23,416.051016626355,418.0979773634387,415.60895921346514,416.3200988769531,92074500
2023-06-26,415.75306687518275,417.6654716468784,414.37882655509753,414.61907958984375,72823600
2023-06-27,415.49359948325997,419.77970536315974,415.04192260990584,419.1646728515625,72813700
2023-06-28,418.088316566666,420.38514964096186,417.47328405222373,419.3760986328125,75636000
2023-06-29,418.96288231167824,421.1924377171977,418.559273599848,421.029052734375,67882300
2023-06-30,424.22923858544607,426.97771946925525,423.91208812792,425.99749755859375,104964000
2023-07-03,425.65159486229857,426.76634335863787,425.3728930743293,426.4876708984375,32793400
2023-07-05,424.68086605187517,426.58368059216104,424.6712465458686,425.8533020019531,58418400
2023-07-06,422.2880126868195,422.94149397333916,420.0200085430969,422.5186462402344,80658300
2023-07-07,421.52880169929125,425.3824701498979,421.21165123791485,421.451904296875,86134200
2023-07-10,421.0963375627214,422.69162140529556,420.52934385873226,422.5186462402344,62443500
2023-07-11,423.27782759435644,425.69956773672544,422.3071959049608,425.2094421386719,64463800
2023-07-12,428.98630598280835,430.03380589808927,427.5639971833185,428.6307067871094,91924500
2023-07-13,430.4374308044974,432.8207520187609,430.0049928385303,432.03271484375,72425200
2023-07-14,432.9167761484475,433.7624422290722,431.00434197291605,431.7635498046875,69815800
2023-07-17,431.6194336230175,434.3102561737573,431.57136541418197,433.26275634765625,52680200
2023-07-18,432.93600974084484,437.12600898753516,432.5035425061128,436.4821472167969,80668200
2023-07-19,437.27022513718515,438.63484620812557,436.4052905869127,437.45281982421875,65891700
2023-07-20,436.4629408876448,437.35667523001575,433.8393669208048,434.5505065917969,70591600
2023-07-21,436.26110720174216,436.4629408876448,434.54091641230104,434.5505065917969,71275600
2023-07-24,435.6941341528586,437.29903757006053,434.6658439711447,436.4917907714844,54023400
2023-07-25,436.22265220298175,438.9326842027925,436.17458399836414,437.6833801269531,55191200
2023-07-26,436.7511800509619,439.17292003925695,435.7036803578111,437.7506408691406,71052900
2023-07-27,441.12379698695344,441.5274350037331,433.94503488324995,434.848388671875,92194400
2023-07-28,438.1062824263063,439.9321998907834,434.8484367232918,439.1057434082031,80011800
2023-07-31,439.5766136336967,440.2973728160184,438.26962173264826,439.9418029785156,62040400
2023-08-01,438.48102764934566,439.42283016702106,437.7314393035273,438.682861328125,55291500
2023-08-02,435.5787978326574,435.83826057949295,431.83085596175755,432.5804443359375,93933400
2023-08-03,430.5719307015857,433.21471435225743,429.92803959884134,431.3407287597656,64276100
2023-08-04,433.14742331097347,435.2424228845315,428.87090725675444,429.3898620605469,100128900
2023-08-07,431.2158232898332,433.2916133885674,430.52389325692184,433.1378479003906,58357500
2023-08-08,430.61038131148536,433.128258189368,427.9099390769486,431.2542724609375,71361300
2023-08-09,431.5233041246725,431.6866891018031,427.61197745800644,428.3711853027344,78789600
2023-08-10,430.7160393980688,434.08920144153984,427.36211636743525,428.5249328613281,93005500
2023-08-11,426.66056157281855,429.2841352767268,426.0647387376173,428.2750549316406,68690900
2023-08-14,427.3621949539916,430.63922119140625,427.05466396967535,430.63922119140625,47867400
2023-08-15,428.87093856214887,429.2265377401817,425.0557186470054,425.62274169921875,75707500
2023-08-16,425.2094830101528,426.8624252963623,422.39372408289853,422.49945068359375,80107200
2023-08-17,423.96015411160533,424.2196168527754,418.76107448676936,419.280029296875,95711300
2023-08-18,416.4738690425287,420.510132174717,416.1279187140494,419.4818420410156,98852000
2023-08-21,420.4908396707108,422.95102834171905,418.34780142156416,422.2110595703125,68719000
2023-08-22,423.9793093243941,423.9793093243941,420.5100697363889,421.06744384765625,64994200
2023-08-23,422.12460773274086,426.37229454971487,421.98046176867535,425.7572326660156,68441000
2023-08-24,427.3525117447883,427.86184703074184,419.8277698977074,419.85662841796875,88517300
2023-08-25,421.576814401286,424.09466161039535,418.0402966316632,422.8165283203125,102325100
2023-08-28,424.99799661992967,426.1127742143462,422.816509634439,425.49774169921875,61595400
2023-08-29,425.3920855016939,431.9269866887697,425.20949081985793,431.6482849121094,83081900
2023-08-30,431.9845682431216,434.060357945483,431.2830188362327,433.42608642578125,69053900
2023-08-31,434.0412049094315,435.1751923990844,432.60930594923883,432.7919006347656,66084600
2023-09-01,435.5019359140747,435.98244204092543,432.14798320577563,433.59912109375,58944100
2023-09-05,433.15705635053166,433.474177484678,431.65787960630774,431.7251281738281,55166200
2023-09-06,430.9179062539162,431.0236328565703,426.50686334901025,428.8229064941406,70758500
2023-09-07,425.8341358343982,428.17900813567496,425.4881854921281,427.5063171386719,70355400
2023-09-08,427.5543236104539,429.67815236910445,427.19875378748577,428.150146484375,61659700
2023-09-11,430.7641392036296,431.27347454388655,429.0631580094359,430.9659729003906,60180100
2023-09-12,429.5244300194834,431.04281644605425,428.02525327961035,428.6018371582031,67565400
2023-09-13,428.8228607530232,430.25475953176647,427.72729277869223,429.1015625,60199300
2023-09-14,431.56176797941515,433.4933826135289,430.2643956069254,432.80145263671875,83430800
2023-09-15,431.2227284727568,431.5506216241027,427.15295081713646,427.5869140625,111848900
2023-09-18,427.2783073434339,429.12997218957395,426.80575976702727,427.8376770019531,55752200
2023-09-19,426.9214475367596,427.50974802962753,424.27899561562054,426.95037841796875,66514600
2023-09-20,428.2041638924205,428.61884971067485,422.8227839687489,423.02532958984375,82562600
2023-09-21,420.1899872517448,420.45036521142913,415.8791088874586,416.0334167480469,104095800
2023-09-22,417.05566583396023,418.64692328267273,414.6832156713709,415.0979309082031,100829700
2023-09-25,413.89246826227424,416.88209127104136,413.45847553843805,416.8435363769531,70874500
2023-09-26,413.8152657492611,414.5192898301892,409.8901424025337,410.71954345703125,96168400
2023-09-27,411.88650085704063,412.4458705721393,407.2573824202832,410.8835144042969,104705800
2023-09-28,410.333802865898,414.93399013925836,409.745502299644,413.26556396484375,92258300
2023-09-29,416.3034507511099,416.47703605865223,410.74848546003295,412.2626037597656,115111300
2023-10-02,411.4331930512835,413.34271968319354,409.35008111589474,412.0986328125,83798600
2023-10-03,409.928751834983,412.15651831824437,405.22246490596143,406.582275390625,103760600
2023-10-04,407.0452013606301,410.28557828924926,405.58894477181923,409.5429992675781,87453000
2023-10-05,409.25364146047264,410.22769695288724,406.17722598529116,409.388671875,70142700
2023-10-06,406.9487069673823,415.78263268562836,405.627480956343,414.2492370605469,113273300
2023-10-09,412.3590425619845,417.47039142005065,411.8093557252524,416.9013977050781,80374400
2023-10-10,417.52823984465374,421.6558795794434,417.1328314591845,419.0712890625,78607300
2023-10-11,420.13214698196236,421.0386578835823,417.7596966141307,420.7879333496094,62451700
2023-10-12,421.39545544096734,421.7715569076046,415.879074957657,418.2225646972656,81154200
2023-10-13,419.7174193113071,420.9132978989336,414.5771691952751,416.1394958496094,95143100
2023-10-16,418.3769095461698,421.578731455087,418.135809030701,420.51788330078125,75433200
2023-10-17,417.40284337508905,422.54312271495667,417.0556727686725,420.4985656738281,75324700
2023-10-18,418.733716385894,419.68846496991176,413.8152601862858,414.8953857421875,93559800
2023-10-19,415.60902401214975,417.41245091445234,410.5748447541702,411.2499084472656,121323000
2023-10-20,410.81596589128515,411.35602864539834,406.0903726459754,406.19647216796875,123919900
2023-10-23,404.6727145608842,409.3404462034215,402.9271492717955,405.4924621582031,92035100
2023-10-24,407.60452747929617,409.69729291312706,405.7625160007192,408.5496520996094,78564200
2023-10-25,406.8715656507854,406.9004965329498,402.1749032838704,402.68603515625,94223200
2023-10-26,401.6252356371067,402.4738846980561,396.9478799231693,397.8640441894531,115156800
2023-10-27,399.4457299187491,399.84113833304036,394.6429966038168,396.0606689453125,107367700
2023-10-30,398.8381328209202,401.84706268429056,397.54583752991965,400.7958679199219,86562700
2023-10-31,401.36484674476185,403.63119749728736,399.4649734881191,403.3129577636719,79665200
2023-11-01,404.27740400625277,408.42432159112496,403.74696515064994,407.6142272949219,98068100
2023-11-02,411.39458907062107,415.5801196181461,411.37531162600504,415.4258117675781,94938900
2023-11-03,417.72113093175125,420.75899159658866,417.59575395239466,419.2159423828125,100167800
2023-11-06,419.96812824031423,420.62391451827705,418.24184046839486,420.1802978515625,67831700
2023-11-07,420.18031060348386,422.0126685210308,419.04232330462156,421.37615966796875,64256100
2023-11-08,421.97412330805065,422.4949086781329,419.38953276666115,421.684814453125,61746000
2023-11-09,422.8227193681271,422.8613036849951,417.97177897214596,418.3961181640625,83174400
2023-11-10,420.45998395564305,425.23375607657056,418.386496162944,424.9251403808594,89462200
2023-11-13,423.5942934214088,425.61951403994044,422.81313016998365,424.5201110839844,52236100
2023-11-14,430.43198231373924,434.03883700095616,430.210159220052,432.7561950683594,97176900
2023-11-15,434.086926966247,435.31173622053814,432.82356282626,433.6722412109375,77327600
2023-11-16,433.22867282179436,434.52096798557363,432.1678247228073,434.2027282714844,66665800
2023-11-17,434.2123285978125,435.35034527714225,433.2961643954989,434.7427673339844,83133200
2023-11-20,434.4920338445369,438.92828895080976,434.482380406505,438.0892639160156,69936200
2023-11-21,437.0476983171483,437.9638920043512,435.87112668099957,437.1344909667969,49244600
2023-11-22,438.783649698811,440.1338066653199,437.73245500948576,438.82220458984375,59394900
2023-11-24,438.87043049439643,439.2851162959046,438.54253734218906,439.09222412109375,29737400
2023-11-27,438.4653845031241,439.2754786903425,437.9156682731926,438.30145263671875,50506000
2023-11-28,437.9156040570371,440.02764658340857,437.3562639018897,438.7353515625,62115000
2023-11-29,440.8763777024274,442.0047410159344,438.0314094012158,438.4267883300781,63146000
2023-11-30,439.2658732507552,440.5003067450598,437.2020386572685,440.1531066894531,79752700
2023-12-01,439.54548291042204,443.2873673280454,438.9572118254806,442.7569580078125,89183400
2023-12-04,439.38160552881834,442.77629034785133,438.16644945685704,440.43280029296875,72430900
2023-12-05,439.05365215206086,441.3006958020075,438.6775212551753,440.345947265625,69793500
2023-12-06,442.4773193670441,442.5062502524176,438.1375099737289,438.5715026855469,69124700
2023-12-07,440.6449205313009,442.56407108973934,440.04699600140833,441.9179382324219,66995400
2023-12-08,441.175389249709,444.3482804916818,440.93428871770044,443.81787109375,83194400
2023-12-11,443.3259545711253,445.7176821092958,443.1137849553907,445.5440673828125,65002200
2023-12-12,445.1969053461678,447.67542557959507,444.20357245141867,447.5789794921875,68327600
2023-12-13,447.9550638637653,454.00188308183056,447.5982398420778,453.7511291503906,93278000
2023-12-14,455.6799755722313,456.8662007070536,452.54566886194607,455.2074279785156,119026000
2023-12-15,454.61284974570634,455.7845286924067,452.6181291338484,454.4579162597656,141553700
2023-12-18,456.0557235705769,457.99234811060995,455.00026674232436,457.01434326171875,70375300
2023-12-19,457.5565362720974,459.8708164807692,457.4790843028072,459.7933349609375,55761800
2023-12-20,458.9412058569742,460.8197337409229,452.9957847839671,453.4218444824219,102921000
2023-12-21,456.39448757473747,457.99222603483094,453.9834001212354,457.7210998535156,86667500
2023-12-22,458.8444200582337,460.31627356318023,456.75289164165196,458.6410827636719,67160400
2023-12-26,459.0477166286851,461.4781598644946,458.97023511368405,460.57763671875,55387000
2023-12-27,460.374329818143,461.5556718202345,459.84176995718065,461.4104309082031,68000300
2023-12-28,461.76866793794215,462.4174204811319,461.16831917837936,461.5846862792969,77158100
2023-12-29,461.39104484329897,461.91394167612276,458.3021267345069,460.2484436035156,122283100
2024-01-02,457.1982355112993,458.66039620914324,455.5811413344983,457.6726989746094,123623700
2024-01-03,455.5230751447963,456.2590018309508,453.3347097921151,453.93505859375,103585900
2024-01-04,453.4605375615008,456.03625125353045,452.2501474553143,452.4728698730469,84232200
2024-01-05,452.67622417899463,455.53275675735284,451.6498156943496,453.0926208496094,86118900
2024-01-08,453.58644474883687,459.7061845131588,453.4605594436324,459.5609436035156,74879100
2024-01-09,456.9174526401683,459.8804854755376,456.4139409568945,458.86376953125,65931400
2024-01-10,459.1348885576282,462.32064377730035,458.85406976244286,461.4588317871094,67310600
2024-01-11,462.4562213568548,462.9694256422812,457.2951303185307,461.2555236816406,77940700
2024-01-12,462.69825780727723,463.43418447136196,460.1709773696293,461.57501220703125,58026400
2024-01-16,460.2000221906259,461.507219896807,458.0697237314841,459.8804626464844,85014900
2024-01-17,456.8690498182248,457.8083137942025,454.9808292885089,457.32415771484375,68843900
2024-01-18,458.9896569986018,461.9429972701223,457.4500442083185,461.39105224609375,91856200
2024-01-19,462.5143215974117,467.4236715984988,461.4395092276407,467.1428527832031,110834500
2024-01-22,468.6727761250073,469.8444255597238,467.4817415348223,468.1305236816406,75844900
2024-01-23,468.67271646916043,469.73783606484966,467.58821172047016,469.4957580566406,49945300
2024-01-24,472.3523319806955,473.2819033399484,469.51518456670595,470.009033203125,81765000
2024-01-25,472.129646862115,472.8365254024004,470.009070342345,472.5653991699219,72525000
2024-01-26,472.1393159497028,473.6208323517754,471.12260001612924,471.96502685546875,76641600
2024-01-29,472.2748031373551,475.847876635677,471.7325508035128,475.7026062011719,61322800
2024-01-30,475.0151572718124,476.04156568160744,474.5794050287412,475.334716796875,58618400
2024-01-31,473.1366851322255,473.5821004537836,467.5591976080332,467.5785827636719,126011100
2024-02-01,469.27310972065493,473.72735140437555,468.4693941088524,473.69830322265625,91891600
2024-02-02,474.1340406811921,480.33123256171854,473.7951255169084,478.68511962890625,99228200
2024-02-05,478.0556906983339,478.7141358274664,474.69564656369516,476.9421081542969,75757100
2024-02-06,477.88139839933996,478.6560658444282,476.45797836644056,478.32684326171875,55918600
2024-02-07,480.5636415654776,482.73265130891053,479.66308881437243,482.3162841796875,70556500
2024-02-08,482.3162670291635,482.9069232309363,481.5028884042988,482.529296875,52343600
2024-02-09,483.03279181896556,485.7537463849515,482.69387668269746,485.3180236816406,63979400
2024-02-12,485.2889926510743,487.5451468627196,484.38843993132826,485.1050109863281,56502300
2024-02-13,478.8594583897525,481.33833539906084,475.1701910614246,478.4237060546875,113099200
2024-02-14,481.0477983876243,483.25554889436194,478.73351817874396,482.7713928222656,68387800
2024-02-15,483.4685762738627,486.28636814510776,482.9940832312684,486.1023864746094,61683000
2024-02-16,485.802216073848,486.9351247377766,482.9456834193714,483.6816101074219,75532900
2024-02-20,481.9483091532552,482.6164468795506,478.78193916164605,481.01873779296875,71736700
2024-02-21,479.7211799226085,481.609370733512,477.92010410161913,481.4544372558594,59293400
2024-02-22,488.0390264949041,492.3770461062639,487.08037735176976,491.4184265136719,76402500
2024-02-23,493.1323109036816,493.9650747069926,491.03109011668937,491.75732421875,61321800
2024-02-26,492.1930057584985,492.62875800348365,489.83032198014877,489.9562072753906,50386700
2024-02-27,490.6437622032437,491.089177503547,488.75554175218684,490.866455078125,48854500
2024-02-28,489.3171596556616,490.798676044666,488.9588888927158,490.21771240234375,56506600
2024-02-29,491.9703174424767,493.5873820410347,489.33650744640795,491.97998046875,83924800
2024-03-01,492.85151281479995,497.02490613181874,492.4448087227075,496.5988464355469,76844800
2024-03-04,495.80488009764395,497.90610083671146,495.7758023657051,496.0662841796875,49799300
2024-03-05,494.0715838516931,494.5170287187888,488.910493074669,491.1085510253906,72855600
2024-03-06,494.3717142498123,495.84356750478094,492.3092343684573,493.5970764160156,68382400
2024-03-07,496.8796700098079,499.54252820351775,493.65517426694095,498.4967346191406,58652100
2024-03-08,499.1262072798715,501.7986991966138,494.93339907868494,495.50469970703125,86532500
2024-03-11,494.30400588507405,495.65963700941484,492.3867371553007,495.0786437988281,62557200
2024-03-12,497.17986205272086,500.98532153263085,494.6719076966977,500.40435791015625,73114400
2024-03-13,500.72385457506516,500.89814366049285,498.18688160759467,499.6199645996094,55104100
2024-03-14,500.5882744583001,500.7432374898184,495.60150263891603,498.63232421875,110171800
2024-03-15,495.5775416790132,497.02482972446626,493.5474849090623,495.20843505859375,107646300
2024-03-18,499.25883960128044,500.69637526560086,497.74358168127196,498.1515197753906,88893300
2024-03-19,497.461870313395,501.2014309193572,496.46138163610317,500.9197692871094,60755300
2024-03-20,500.97797499923945,505.68885553868404,500.3077615072757,505.5528564453125,69594600
2024-03-21,508.37953729329536,509.07885971572495,506.941942394898,507.2236633300781,60256100
2024-03-22,507.1362685930967,507.6219289738799,506.02894869657956,506.2621154785156,79070800
2024-03-25,504.89242055664005,506.0094629263034,504.7078672769053,504.8633117675781,48512100
2024-03-26,506.28142646248074,506.62142424941175,503.5326318000847,503.93084716796875,65463700
2024-03-27,506.74777267634687,508.20475380954497,504.5914097711624,508.1658630371094,82999800
2024-03-28,508.2046941865004,509.5645075137889,507.7870334248163,508.0686950683594,96294900
2024-04-01,508.8069627833215,509.3411773364756,506.0289403944362,507.184814453125,62477500
2024-04-02,503.3772549881494,504.0960228561583,501.6677209860127,503.9600830078125,74230300
2024-04-03,502.87204622290017,506.0094519100871,502.8234920523855,504.5135803222656,59155800
2024-04-04,508.50584318362684,508.8457817223291,498.0544227328248,498.35552978515625,96858100
2024-04-05,499.70568326072845,505.51416224528475,499.26857707601863,503.5617980957031,74546500
2024-04-08,504.26116489557916,505.26159438808656,503.03729132856745,503.84344482421875,48401800
2024-04-09,505.57242083511636,505.81525100842816,499.5987748577626,504.42626953125,68049200
2024-04-10,498.75370676862974,501.3568389879978,497.4036161258989,499.3753662109375,82652800
2024-04-11,500.8906633299254,504.5816702204379,497.3939324409582,503.1441345214844,70099000
2024-04-12,499.61822644383983,501.0266533234711,494.47993161292834,496.1991882324219,92561100
2024-04-15,500.35648708759203,500.52159502342283,489.13771409265206,489.9827880859375,92101400
2024-04-16,490.45867707344763,491.97393499543114,487.80696088879887,489.089111328125,73484000
2024-04-17,491.5368440989878,491.7019816659058,484.8055985468662,486.194580078125,75910300
2024-04-18,487.58356199441425,489.6718955124249,484.26163225086344,485.194091796875,74548100
2024-04-19,485.11641894359934,486.10715539894034,479.6964327690104,480.95916748046875,102212600
2024-04-22,483.55258680560587,487.972113920127,481.2214229780645,485.3883972167969,67961000
2024-04-23,487.3892787074855,491.5756683731246,485.20380722643876,491.1482849121094,64633600
2024-04-24,492.03223509825074,492.81900253172324,488.7006120510912,490.91522216796875,55928100
2024-04-25,484.8638422405587,489.8078608662871,483.2223079459974,489.05023193359375,69122400
2024-04-26,491.8282151706386,495.25697586630093,491.19686267902955,493.6834411621094,64306100
2024-04-29,495.4609621651781,496.1020373711397,492.70241499072074,495.43182373046875,46415400
2024-04-30,493.9748958846082,494.9462166692865,487.5836181640625,487.5836181640625,77483600
2024-05-01,487.00076428433056,493.6154557030375,485.5340605810027,486.00030517578125,80242800
2024-05-02,489.69131460230034,491.3814327412964,485.22323354848663,490.54608154296875,62550200
2024-05-03,496.5002799659129,497.8504002906167,493.97484028154764,496.6265563964844,72756700
2024-05-06,499.0160258932404,501.79398895747323,498.5789197070483,501.7551574707031,47264700
2024-05-07,502.7167454724822,503.6977888774315,501.63859371019026,502.3088073730469,52561300
2024-05-08,500.48271898197925,502.8915753738944,500.3661652394486,502.35736083984375,42047200
2024-05-09,502.54186786336425,505.2907218217569,501.8910996467172,505.2518310546875,43643700
2024-05-10,506.8447708795729,507.65098353110557,504.68846772775674,505.9026184082031,52233200
2024-05-13,507.57337558037926,507.6802066359858,504.8342439143458,505.9706726074219,36716400
2024-05-14,506.1650107070888,508.80703433479175,505.63079607881036,508.2922058105469,57535900
2024-05-15,510.7495751277046,514.8776880610556,510.11819296519036,514.5863037109375,59504900
2024-05-16,514.683461995483,516.2764423102767,513.3818660590745,513.527587890625,50244800
2024-05-17,513.644148566722,514.3338076754613,512.1968900639675,514.2658081054688,59187600
2024-05-20,514.3823386833988,516.3152574978291,513.9937866680089,514.8582763671875,37764200
2024-05-21,514.1006672352606,516.2764161967744,513.8966685383514,516.1209716796875,33437000
2024-05-22,515.4313166919542,516.1403617816678,512.4687413388463,514.6348266601562,48390000
2024-05-23,517.6750993626108,517.7819304108156,509.67136703027006,510.8758544921875,57211200
2024-05-24,512.7115556042107,515.062194143986,511.7694030777515,514.2559814453125,41291100
2024-05-28,515.0622463447778,515.2953538271266,511.992839734623,514.6154174804688,36269600
2024-05-29,510.60381121104734,512.1870685483111,510.3027041932999,511.0117492675781,45190300
2024-05-30,509.4771429084137,510.1376338577683,506.3786275625725,507.62188720703125,46377600
2024-05-31,508.5738001358681,512.3716377541396,503.49375287353905,512.245361328125,90785800
2024-06-03,513.8480669180504,514.1297285627861,507.61214568816797,512.6630249023438,46835700
2024-06-04,511.3614424211813,513.9742970941719,509.90446158385646,513.236083984375,34632700
2024-06-05,515.5478229576875,519.355382881941,513.5662911101476,519.3359375,47610400
2024-06-06,519.6371847519142,520.0645682770622,517.4031587596616,519.3263549804688,30808500
2024-06-07,518.3550094881825,521.4924158492759,517.2671349822953,518.6950073242188,43224500
2024-06-10,517.8886903629937,520.6180987720378,517.2961990482391,520.2975463867188,35686100
2024-06-11,518.7532508345464,521.608936050015,516.791164059003,521.5506591796875,36383400
2024-06-12,526.0964430443454,528.5150221365492,524.8045698950608,525.8341674804688,63251300
2024-06-13,527.5728807070939,527.7477113251548,524.1149812633378,526.8929443359375,44760900
2024-06-14,525.367907030757,527.2425487322553,524.3674183253244,527.2134399414062,40089900
2024-06-17,526.5336166388124,532.7986479029511,526.0770650167459,531.4096069335938,55839500
2024-06-18,531.4677705153928,532.8859199795279,531.0501097581155,532.7596435546875,41376400
2024-06-20,533.6824639158926,534.3429548976981,529.5446281232266,531.3124389648438,70328200
2024-06-21,530.4929829849066,531.7110509477889,529.1482311958065,530.6001586914062,64338600
2024-06-24,530.4247136467889,532.9777790963483,528.7583754205319,528.8753051757812,45528700
2024-06-25,530.0932975881465,531.2724085077483,528.582905567804,530.911865234375,37936200
2024-06-26,529.8010709636176,532.2859175813455,529.1579572826417,531.5745849609375,38550600
2024-06-27,531.4381433443106,532.9875518697215,530.6975485510812,532.41259765625,35041500
2024-06-28,533.1823416161415,536.2226934820135,529.0799274394088,530.3174438476562,76144500
2024-07-01,531.6915669508893,531.9351805545184,528.6610279959765,531.4089965820312,40297800
2024-07-02,529.8106975776499,534.9850463867188,529.7619867686219,534.9850463867188,40434800
2024-07-03,534.6733013066347,537.7331019058091,534.6343445482383,537.37255859375,32789900
2024-07-05,537.6746952876072,540.8708746254604,537.041276170241,540.4713745117188,41488400
2024-07-08,541.2508572097279,542.0401627530802,540.0327894282602,541.094970703125,36110500
2024-07-09,542.0499781069125,542.946459442177,541.3288914148972,541.6212158203125,27289700
2024-07-10,542.83922140572,547.3216870432971,542.546897033872,546.9806518554688,38701200
2024-07-11,547.0975967198616,547.9648752769439,541.6309226493873,542.2642822265625,53054200
2024-07-12,543.3850551249718,549.2707387585696,542.9173360080182,545.6847534179688,53084400
2024-07-15,547.6725298408394,550.4107438001307,545.3338159394242,547.185302734375,40584300
2024-07-16,548.4910214723672,550.7225001410881,547.7406727188134,550.43017578125,36475300
2024-07-17,544.5250561904461,546.1913944708481,542.3909988738491,542.7125854492188,57119000
2024-07-18,544.2425249574461,545.2267333968008,536.3689169185834,538.5419311523438,56270400
2024-07-19,538.3079467810027,539.9255739822243,533.9131490329083,534.965576171875,65509100
2024-07-22,538.8732057821688,541.0852359846874,536.9438053796708,540.4810791015625,43346700
2024-07-23,540.3738971671513,542.517708645555,539.1461346384042,539.6333618164062,34439600
2024-07-24,534.8389605250121,535.1410389720269,526.4878802289309,527.4038696289062,74515300
2024-07-25,527.520781647899,533.4747422855404,523.7204457786454,524.6558837890625,61158300
2024-07-26,528.427065396124,533.2116094688655,527.6572084941715,530.5318603515625,53763800
2024-07-29,532.0715719711993,533.0752290029756,528.8558251034021,530.84375,39515800
2024-07-30,532.305359200303,533.3577863863941,524.7630932312389,528.1541748046875,46853600
2024-07-31,534.9558070033685,539.3603586847362,533.5916069126868,536.7390747070312,65663400
2024-08-01,538.4542703754322,540.6955035812163,525.6499253938641,529.1384887695312,76428700
2024-08-02,522.063852889589,523.2721666167066,515.0964813658185,519.2866821289062,82789100
2024-08-05,498.5698192467497,510.2048061292907,497.23479185731094,504.1631774902344,146267400
2024-08-06,505.95607618021586,516.2171073533713,504.6405868135895,508.811279296875,84826300
2024-08-07,514.9697939251986,518.0101458143887,504.8159975896984,505.410400390625,70698300
2024-08-08,510.52624530905064,517.7177216624609,508.5091775662785,517.0941162109375,63276600
2024-08-09,516.2755714297688,520.8555180126824,515.0575036936727,519.3743286132812,45619600
2024-08-12,520.563206135425,522.0443360943832,517.3864758873478,519.647216796875,42542100
2024-08-13,522.8241643932537,528.4272784429945,522.580550738917,528.193359375,52333100
2024-08-14,528.9825253913183,531.0386692920978,526.3222840215557,529.8595581054688,42446900
2024-08-15,535.4625975238755,539.22397656437,534.8584406614526,538.94140625,60846800
2024-08-16,537.3335929699142,540.8416642629177,537.1777064456791,540.1497802734375,44430700
2024-08-19,540.5590500378348,545.3143920898438,539.7112794996588,545.3143920898438,39121800
2024-08-20,544.8661286211883,546.5129587158026,543.0926147134523,544.4276123046875,33732300
2024-08-21,545.4703825334594,547.7505726232929,540.5590940766256,546.2986450195312,41514600
2024-08-22,548.1891149934312,548.7932720185775,540.8027333129888,542.0110473632812,56121500
2024-08-23,545.2364013003757,548.7054559638492,543.053573875613,547.7699584960938,50639400
2024-08-26,548.7931322733509,549.504464836925,544.7686315002069,546.4641723632812,35788600
2024-08-27,545.197411094177,547.7017657101911,544.057316249273,547.2145385742188,32693900
2024-08-28,546.8734758569603,547.3022380940843,540.8610504788411,544.0377807617188,41066000
2024-08-29,545.9964997373786,549.2804060501943,542.9464529460971,544.0865478515625,38715200
2024-08-30,546.4447596496766,549.7871307787254,542.9074857644326,549.2803955078125,62700100
2024-09-03,546.1524339283656,546.4837745967734,535.4724516729985,537.976806640625,60600100
2024-09-04,536.1447696240151,540.2666922950722,535.4236829556569,536.8756103515625,47224900
2024-09-05,536.8170931187602,539.652728695669,533.1238736044508,535.5697631835938,44264300
2024-09-06,535.8913798019039,537.5089477091443,525.659610039857,526.5560913085938,68493800
2024-09-09,530.7365485093424,533.718376233379,528.8168426461983,532.4515380859375,40445800
2024-09-10,534.3516827554222,535.1215396263949,529.4989199451313,534.7706909179688,36394600
2024-09-11,534.6831681423164,541.1730086042064,526.1664457729258,540.2570190429688,75248600
2024-09-12,540.831888043875,545.1097566752126,538.619857760852,544.8076782226562,51819600
2024-09-13,545.4119039398827,548.6470997461229,545.1585362749396,547.6531372070312,39310500
2024-09-16,547.389917673041,548.7249152296453,545.5969551700833,548.4618530273438,36656100
2024-09-17,550.6641466211254,552.1063795479049,546.4642506202782,548.68603515625,49321000
2024-09-18,549.3388444863224,554.1624050516696,546.5032087102647,547.0586547851562,59044900
2024-09-19,556.4231830771506,558.2454079377469,553.5680389935643,556.3939208984375,75315500
2024-09-20,555.0313424308147,556.46815521981,552.4215262762143,555.4320678710938,77503100
2024-09-23,556.4976160471946,557.4652754060183,555.2855361955778,556.8201293945312,44116900
2024-09-24,557.6117584874984,558.471913246618,554.7967173955426,558.4132690429688,46805700
2024-09-25,558.2568638249757,558.9899461465259,556.0771251545262,557.181640625,38428600
2024-09-26,561.4238456875147,561.7464186568862,557.0449191197562,559.3907470703125,48336000
2024-09-27,560.4561405350975,561.2673753932927,557.5531033653197,558.5794067382812,42100900
2024-09-30,557.5530628987858,561.423758958094,555.2658795088603,560.8177490234375,63557400
2024-10-01,560.4660310099997,561.1111173600859,553.2329264823798,555.7938232421875,72668800
2024-10-02,554.904357347643,557.0449605610858,552.5193933091881,556.0283813476562,38097800
2024-10-03,554.5620734708386,556.9470368946191,552.7342597435006,555.01171875,40846500
2024-10-04,559.4395649274686,560.4267920576441,555.2854315259468,560.0553588867188,42939100
2024-10-07,558.4132383947003,559.0583842578297,553.8485957624074,554.9921875,49964700
2024-10-08,557.553120131347,560.8373745453375,556.683241044493,560.2410888671875,37398700
2024-10-09,560.2312569183572,564.6786707180951,559.6350309496581,564.1215209960938,37912200
2024-10-10,562.7824731556751,564.5516429072721,561.5313172618801,563.1343383789062,44138100
2024-10-11,563.0561277259117,567.2396131412746,562.9192713637127,566.5065307617188,42268000
2024-10-14,568.1094171371436,572.0681091902395,567.6304795911454,571.1395263671875,36217200
2024-10-15,571.4035871421002,571.7065921692961,565.4900076351577,566.7020874023438,54203600
2024-10-16,566.7021056174783,569.6832957534668,565.900594951752,569.1652221679688,30725400
2024-10-17,572.6937458614649,572.8990304200946,569.0283336899422,569.2140502929688,34393700
2024-10-18,570.8952748825009,572.1855071059618,569.4388940141822,571.403564453125,37416800
2024-10-21,570.6802798985141,571.6577232551329,567.503588989503,570.4652709960938,36439000
2024-10-22,567.9433552717076,571.3155462187071,567.288485036852,570.1621704101562,34183800
2024-10-23,568.1486509721636,568.5885123492586,561.4629131521561,564.952392578125,49314600
2024-10-24,566.897492764615,566.9757049256177,563.5644376745634,566.1741943359375,34979900
2024-10-25,568.39295320261,571.27642231265,565.0403304898274,565.9786376953125,47268200
2024-10-28,569.4389192842264,569.5659916825215,567.4253885260767,567.7283935546875,30174700
2024-10-29,566.7703610094676,569.7613345267463,565.3824085036434,568.6470947265625,42899700
2024-10-30,568.1779762445088,570.1622147162088,566.2230897069062,566.9268798828125,41435800
2024-10-31,562.5772452055423,562.6456733933426,555.617853906816,555.8133544921875,60182500
2024-11-01,558.4328313722141,562.5673968338307,557.748609230934,558.1591186523438,45667500
2024-11-04,558.2959404133777,559.5861724591027,555.0801741045641,556.9568481445312,38217000
2024-11-05,557.8658847297456,563.7305435334926,557.6508758763042,563.6914672851562,39478300
2024-11-06,575.9094848869298,578.5778854519942,572.1854290723838,577.7079467773438,68182000
2024-11-07,579.7019657221982,583.1914447197324,579.6237535704865,582.1748657226562,47233200
2024-11-08,582.7223837264295,586.1141431643453,582.7223837264295,584.6968383789062,46444900
2024-11-11,586.2802096893201,586.6320749270757,583.5335966542183,585.25390625,37586800
2024-11-12,585.1757310882224,585.7719571662951,580.9629529710414,583.4359130859375,43006100
2024-11-13,583.8953540381888,585.7133844284552,581.5397417142511,583.7194213867188,47388600
2024-11-14,583.8464232004079,584.3253608590082,579.2817798181851,579.9659423828125,38904100
2024-11-15,576.4177129287726,576.8869261817384,570.6899107142463,572.5372924804688,75988800
2024-11-18,572.9967218779136,576.1929802203847,572.1366267509276,574.8832397460938,37001700
2024-11-19,571.5209272840522,577.7081007856062,570.8562729596783,576.9848022460938,49412000
2024-11-20,577.0630094223009,577.4637349458769,571.4427101629503,577.1802978515625,50032600
2024-11-21,580.014817427747,581.6959910919024,574.1990184692589,580.2786865234375,46750300
2024-11-22,580.2689646034843,582.7028485393122,579.7705186323628,582.0772705078125,38226400
2024-11-25,585.9967993093868,587.3065398623395,581.7742372889147,584.0516967773438,42441400
2024-11-26,585.2930125321725,587.7659726175935,584.5794980426031,587.101318359375,45621300
2024-11-27,586.9155026434518,587.2966601103464,583.8072407585437,585.322265625,34000200
2024-11-29,586.133427440727,589.7401944005168,585.859774430413,588.958251953125,30177400
2024-12-02,589.3688312028335,590.6884151690585,588.8801096579482,590.0139770507812,31746000
2024-12-03,589.7794898104154,590.5320805361104,588.7531863419945,590.2877197265625,26906600
2024-12-04,591.9688854405287,594.1974247464545,591.3042312735546,593.9530639648438,42787600
2024-12-05,593.9531512779432,594.7546619184587,592.6238427485821,592.9757080078125,28762200
2024-12-06,593.7380822446739,595.3313193862531,593.3275728171593,594.0997314453125,31241500
2024-12-09,593.9825191407734,594.1486677967985,590.4539631589937,591.0404052734375,34742700
2024-12-10,591.7147337183083,592.135027098725,588.5478275712469,589.2026977539062,37234500
2024-12-11,592.1155320836123,594.7057206012569,591.8418193692619,593.7576293945312,28677700
2024-12-12,592.8975505621333,593.4644247000379,590.6983032226562,590.6983032226562,31543800
2024-12-13,592.7215967057723,593.4351111707817,589.2125492712078,590.5809936523438,35904700
2024-12-16,592.3305635374098,594.0704410234347,591.5584049068509,593.1027221679688,43695200
2024-12-17,590.5613981975558,591.5192734247074,589.2907339933267,590.6591186523438,55773500
2024-12-18,590.3561165933274,592.7312963771194,572.674202761188,573.055419921875,108248700
2024-12-19,578.020816522432,579.6238377441589,572.6350947579137,572.8794555664062,85919500
2024-12-20,570.561034960996,584.27166262691,569.7175591199479,579.7603149414062,125716700
2024-12-23,579.5052825841503,583.8302883719545,576.3374745859168,583.2320556640625,57635800
2024-12-24,584.5756905048978,589.7539893082886,583.997031715741,589.7147216796875,33160100
2024-12-26,587.9493923534018,590.8719573339298,586.5567683514358,589.7539672851562,41219100
2024-12-27,586.0271828680434,586.2626090728168,579.3778441686201,583.5459594726562,64969300
2024-12-30,576.5631199685903,580.338917958557,573.150128529516,576.88671875,56578800
2024-12-31,578.5441892688881,579.2601650774656,573.1599745686183,574.7880249023438,57052700
2025-01-02,578.0341524534392,579.7406180456738,569.3154229960469,573.3756713867188,50204000
2025-01-03,576.2100986967752,581.1823624210723,575.1312564616488,580.544921875,37888500
2025-01-06,584.7816606701658,588.145567536734,582.1630605707853,583.88916015625,47679400
2025-01-07,585.9093771536865,586.2330357407637,575.4744255738375,577.2887573242188,60393100
2025-01-08,577.3575056942733,579.2012884483527,573.92494033326,578.1322631835938,47304700
2025-01-10,574.5918290616524,574.6604875516765,567.4030397334539,569.3056640625,73105000
2025-01-13,564.6765795569504,570.5413429214275,564.2646286559713,570.1882934570312,47910100
2025-01-14,573.101074063849,573.7287574980859,567.2068596443902,570.972900390625,48420600
2025-01-15,578.9561398854404,582.4965717179379,577.8479067851994,581.3589477539062,56900200
2025-01-16,582.7221292073649,582.8986539701259,579.5445637592774,580.2409057617188,43319700
2025-01-17,585.4584175885924,587.8121409710091,584.1343920679883,586.0664672851562,58070600
2025-01-21,589.0968201243991,591.4407861448484,587.1353543049476,591.4309692382812,42532900
2025-01-22,594.2457369774064,596.1091536661693,593.6965288784859,594.7557373046875,48196000
2025-01-23,594.1279244823332,598.0018310546875,593.8533504222348,598.0018310546875,41152100
2025-01-24,598.0606782414739,599.0120202031255,595.1086628774257,596.256103515625,34604700
2025-01-27,583.3497595871564,588.1357411390088,583.1830517473746,587.8218994140625,70361100
2025-01-28,589.0477377122166,593.7062185767892,585.7426729191386,592.8726196289062,44433300
2025-01-29,592.0880171861997,592.4901511824414,587.6747192887742,590.21484375,37177400
2025-01-30,592.3234809305729,594.9125703683252,589.1458559611356,593.3826293945312,39281300
2025-01-31,595.7952876097377,598.2079122989969,589.4695478929073,590.2247314453125,66566900
2025-02-03,581.2509121761593,588.7240915852041,579.1129217803689,586.252685546875,65857200
2025-02-04,586.3116394651887,590.6954873423298,585.7722482747779,590.185546875,33457800
2025-02-05,589.0674493379312,592.7255640609287,587.0471418694162,592.5784301757812,30653100
2025-02-06,594.3144028610088,594.7655616068429,591.0191542265169,594.6380615234375,35771500
2025-02-07,595.1970270806008,596.4131263461926,588.4887874469584,589.1949462890625,50788500
2025-02-10,592.3920797831685,593.8337283102429,591.1268961231351,593.1962280273438,26048700
2025-02-11,590.9406891686515,594.1869131800177,590.8230059910161,593.6475219726562,30056700
2025-02-12,587.6551628450902,592.9020598913557,586.9784547529548,591.7349853515625,45076100
2025-02-13,592.8333911581238,598.1882142232939,591.5780842005947,597.9822387695312,40921300
2025-02-14,598.1882471856823,599.2180047928703,597.3350143232245,597.952880859375,26910400
2025-02-18,599.110202272389,599.7084350585938,596.6583696805393,599.7084350585938,26749000
2025-02-19,598.3254799134808,601.4147523000511,597.815479705502,601.1205444335938,31011100
2025-02-20,599.7573748000233,599.8946917719264,595.3245028060013,598.6197509765625,36554000
2025-02-21,598.4040443652323,598.5413613568134,587.9200057904889,588.3809814453125,76519800
2025-02-24,590.4209369132893,591.4114868830001,584.9974543500997,585.70361328125,50737200
2025-02-25,585.6446767168586,586.3704094872951,578.200887648266,582.7907104492188,58266500
2025-02-26,584.4481941378576,588.0278934374002,580.4566037497201,583.0849609375,43321600
2025-02-27,585.3504072406853,586.4979078319449,573.3855137517263,573.7777709960938,74196700
2025-02-28,574.2779596736045,583.2614467800305,571.2180777869312,582.7318725585938,88744100
2025-03-03,584.6933298193593,585.8310134980443,568.727029424783,572.5224609375,74249200
2025-03-04,568.5407916793482,574.1113483546197,561.224501400552,565.7456665039062,109648200
2025-03-05,565.5787868122192,573.6109906395611,562.0383558581486,571.8260498046875,71230500
2025-03-06,564.3921877543482,568.9918277562862,559.1354734261878,561.6755981445312,80094900
2025-03-07,559.9003705252755,566.2653167181951,554.731889596849,564.8236083984375,81158800
2025-03-10,556.6541208727356,558.566501823716,544.8853280215288,549.7791748046875,99326600
2025-03-11,548.6219753669684,553.1529563050404,541.3841622094388,545.208984375,88102100
2025-03-12,551.3386407379146,552.2605321303586,543.022044250635,548.1022338867188,69588200
2025-03-13,547.7295658893665,548.337615563181,539.0893105175023,540.7957763671875,74079400
2025-03-14,545.3953858640715,552.9666753566005,540.8644044287432,551.96630859375,62660300
2025-03-17,551.9466761244148,558.7333912461695,551.5151512314662,556.2227172851562,49008700
2025-03-18,553.9179548314441,554.1337472059147,548.2885573100283,550.2108154296875,66041400
2025-03-19,551.9859243939003,559.9494708906026,550.8090329217521,556.2030639648438,66556000
2025-03-20,552.4763086964069,559.5768056668136,551.7603329396793,554.5946655273438,62958200
2025-03-21,550.1543252489805,555.6727731535583,548.9247213465745,554.777587890625,83763000
2025-03-24,561.4864414688424,565.7655000443008,560.8962554773906,564.7129516601562,58766800
2025-03-25,565.9129505962637,567.0048245728844,564.3292350043083,566.0703735351562,38355700
2025-03-26,565.8047238585734,566.926137079624,557.9352585138073,559.3124389648438,51848300
2025-03-27,557.9254317069114,561.5847644413973,555.7219909391279,557.8270874023438,42164200
2025-03-28,556.3023922676962,557.0303082338021,546.0130443195492,546.5933837890625,71662700
2025-03-31,540.8585040275307,551.5609811237723,537.9467803924824,550.2625122070312,95328200
2025-04-01,548.3541875419536,553.7545984642982,544.6456828297712,551.8167114257812,54609600
2025-04-02,545.993267113699,558.1614216885134,545.7571927870193,555.3087768554688,76014500
2025-04-03,536.2154977474014,539.0288170958798,527.9427490234375,527.9427490234375,125986000
2025-04-04,515.1253804215398,517.2894955361414,496.81904991432106,497.03546142578125,217965100
2025-04-07,481.20799599577117,514.6335325434056,473.93856260259804,496.150146484375,256611400
2025-04-08,513.3449459742151,516.4140330278881,481.17852048669357,488.37908935546875,165816600
2025-04-09,485.38869689536773,539.6683349609375,485.0050459934576,539.6683349609375,241867300
2025-04-10,523.4866909882965,524.7950065034121,501.0095530572283,516.0205688476562,162331200
2025-04-11,514.4761933704091,527.6772059586904,511.5841621734685,525.2278442382812,97866300
2025-04-14,535.1729159814847,535.3992039792874,525.1491802167831,530.3233642578125,68034000
2025-04-15,530.8642755383438,534.3661851955569,528.0509561027874,528.837890625,56892900
2025-04-16,523.0047395671859,529.1134345891107,511.8005721602226,517.0829467773438,83484800
2025-04-17,519.0306499479765,522.5030206369137,515.3614705598376,517.8206787109375,79868100
2025-04-21,512.6562685653938,513.1874958754851,500.1635109491862,505.4950866699219,69368100
2025-04-22,511.6529994400941,520.6635112296127,510.71848838241135,518.64697265625,75948100
2025-04-23,531.6119173418257,536.5303334599773,525.1688042348989,526.6836547851562,90590700
2025-04-24,527.9624225863133,538.4976913582739,526.7131857388315,537.769775390625,64150400
2025-04-25,537.7304480905381,542.0586181694788,534.8187241892716,541.6553344726562,61119600
2025-04-28,542.3931048050576,544.5178341418862,536.127047500035,541.8618774414062,47613800
2025-04-29,539.9535693584907,546.3868965128709,539.5994577828174,545.2753295898438,47775100
2025-04-30,538.6353953740775,547.4393716679848,532.6841242611865,545.4916381835938,93101500
2025-05-01,551.2265048528457,554.8661444027258,548.7574506167018,549.3574829101562,63186100
2025-05-02,555.5153624660799,559.105829955879,553.203731094349,557.5122680664062,60717300
2025-05-05,553.3907039776933,557.4041485271615,552.5349043366007,554.3153686523438,38659200
2025-05-06,548.8263293740373,554.157875203981,547.872185543118,549.68212890625,48264700
2025-05-07,551.0100913517826,554.62019137936,546.9671083359827,551.9937744140625,55588000
2025-05-08,556.0170826268422,561.0043636579312,552.5348657113146,555.8400268554688,65130800
2025-05-09,557.2368724786456,558.2402486138279,553.5775995797053,555.1318359375,37603400
2025-05-12,571.9821994255728,573.4872634297448,567.6244903747194,573.4774169921875,78993600
2025-05-13,573.8906230635715,579.4681503640297,573.3299764411289,577.2647094726562,67947200
2025-05-14,578.2188228927168,579.3697154326957,575.9858428026291,578.00244140625,66283500
2025-05-15,576.0054901792878,581.3271894858746,575.5529743261593,580.8255615234375,71268100
2025-05-16,581.6027001482121,584.7996705930015,579.664873035907,584.5045776367188,76052100
2025-05-19,578.5040593733968,585.8226647003453,578.5040593733968,585.1439208984375,68168500
2025-05-20,583.4127091135157,584.3570065824167,579.9796042324612,583.1765747070312,60614500
2025-05-21,578.8384555269332,582.9109177576073,572.3264785482603,573.3494873046875,95197700
2025-05-22,573.1528300863163,577.0482371941405,571.9232260794693,573.5758666992188,70860400
2025-05-23,566.5818333658885,572.3167232636762,566.2080289447406,569.6607666015625,76029000
2025-05-27,576.5072061511252,581.6616963869777,568.9918522772189,581.5043334960938,72588500
2025-05-28,581.9076603733905,583.0979387188073,577.4122207207761,578.14013671875,68445500
2025-05-29,583.383198499108,583.5209285665185,576.5072620387259,580.4223022460938,69973300
2025-05-30,579.3204944032111,581.4846092815853,573.7233350319688,579.7730102539062,90601200
2025-06-02,578.1696356443219,583.1175308206884,575.51367904973,583.0388793945312,61630500
2025-06-03,582.6749573775863,587.3376063335356,582.1929021565289,586.36376953125,63606200
2025-06-04,587.2194601619697,588.1932967835147,585.7734148456988,586.2062377929688,57314200
2025-06-05,587.8785767379185,589.2262178754949,581.405924678812,583.373291015625,92278700
2025-06-06,588.8918048716712,591.0264408134955,587.1211869788787,589.364013671875,66588700
2025-06-09,589.9344062766999,591.4394702547755,588.7244952632093,589.8950805664062,53016400
2025-06-10,590.426305457828,593.6232758793388,589.3147986704665,593.2396850585938,66247000
2025-06-11,594.3315085062023,595.1873080200999,589.4918043518763,591.5476684570312,73658200
2025-06-12,590.2197770479303,593.8987426757812,589.7377818775473,593.8987426757812,64129000
2025-06-13,588.7343748466453,592.0296894370186,585.7636324727854,587.2588500976562,89506000
2025-06-16,590.6034249017806,594.5873299052357,590.4263090889528,592.84619140625,79984100
2025-06-17,590.4165373080118,591.9313878788944,587.0228181324287,587.7802734375,82209400
2025-06-18,588.6753335186196,591.4099413940326,586.7374465360585,587.691650390625,76605000
2025-06-20,590.3564623402502,591.421997724495,584.9104595060545,586.3114624023438,94051400
2025-06-23,587.0611349460189,592.4873858895392,583.9534091720473,592.1026611328125,87426000
2025-06-24,596.2266384998721,599.6993983536543,595.3189312980566,598.643798828125,67735300
2025-06-25,599.7586945360007,600.4493204937829,597.4204779573378,598.9793090820312,62114800
2025-06-26,600.8242007377552,604.0996909412141,600.2125189749694,603.6655883789062,78548400
2025-06-27,604.6620460106875,608.1249909093486,602.6395460052738,606.664794921875,86258400
2025-06-30,609.1016996773074,610.9169938229498,606.7930496988761,609.5653686523438,92502500
2025-07-01,608.0953617899536,610.5322734636828,607.2666588703396,609.3681030273438,70030100
2025-07-02,608.9636353224103,612.1700572103479,608.3420779544849,612.130615234375,66510400
2025-07-03,614.1036930875782,617.882354174148,614.0839419945853,616.9549560546875,51065800
2025-07-07,615.0014790783108,615.6625385416997,609.5851029977032,612.357421875,74814500
2025-07-08,613.0184402574613,613.7682592313246,611.2130216520668,612.0220336914062,59024600
2025-07-09,614.4194576258184,616.3432624074327,612.5843521193799,615.692138671875,66113300
2025-07-10,615.8303157415752,618.4644977127873,614.6562696587606,617.4285888671875,57529000
2025-07-11,614.38979053738,616.48135905139,613.1960537313187,615.2579956054688,63670200
2025-07-14,614.804168244691,616.7773507170579,613.4624186155016,616.4320678710938,51898500
2025-07-15,619.1057784945341,619.4411858079188,613.7189684346675,613.7979125976562,74317300
2025-07-16,615.3764310442137,616.3531467698953,609.7627242916457,615.8499755859375,88987500
2025-07-17,616.0276278697462,619.9739930445255,615.8105464724214,619.6187744140625,68885700
2025-07-18,620.8618249379944,621.0295285799061,618.0599396747441,619.1649169921875,65621600
2025-07-21,620.3389892578125,623.0718060276608,619.9147622533486,620.3389892578125,63375000
2025-07-22,620.6645676893623,621.2861250306559,617.7936134788556,620.4277954101562,60046300
2025-07-23,623.0816274772815,625.7059936523438,621.2860243619085,625.7059936523438,70511000
2025-07-24,626.0907872079496,627.6200518287297,625.488980993582,625.9132080078125,71307100
2025-07-25,626.5742531786653,629.0308557161836,626.3276053702117,628.5572509765625,56865400
2025-07-28,628.9322127301592,629.4847014583399,627.0182231688269,628.3994750976562,54917100
2025-07-29,629.7904764849706,630.1061928990167,625.8342963044605,626.741943359375,60556300
2025-07-30,627.3930212452535,629.129431287321,623.0717472322541,625.95263671875,80418900
2025-07-31,630.8856007534994,631.2703255386737,622.3121212201215,623.6045532226562,103385200
2025-08-01,617.9020271938194,617.9415293786636,610.9860135753424,613.3834228515625,140103600
2025-08-04,617.280474690056,622.7560435889075,617.1917152069655,622.7067260742188,73218000
2025-08-05,623.3184684441039,624.1274805006751,618.6321599743907,619.5496826171875,68051400
2025-08-06,620.6152614930611,624.946411865637,619.7076143339553,624.2952880859375,64357500
2025-08-07,627.7088284528788,628.4388963678413,620.674427785601,623.7723388671875,74205800
2025-08-08,625.5580097272857,629.0998986072367,625.2422933193634,628.6361694335938,64051600
2025-08-11,628.9124554108,630.382466681372,626.1499518449814,627.39306640625,58742300
2025-08-12,629.7312404986845,634.2300937128912,628.251353780633,634.072265625,64730800
2025-08-13,636.2625497647373,637.5254154950222,634.0624705008762,636.2428588867188,60092800
2025-08-14,634.1709312549185,636.9630011917295,633.7270133914775,636.302001953125,59327500
2025-08-15,637.328112699525,637.4268079608856,633.9046697471923,634.8123168945312,68592500
2025-08-18,634.2400307460651,635.3647592128409,633.5691559281859,634.6741333007812,43804900
2025-08-19,634.4965717210093,635.4732874420525,629.9187737835771,631.23095703125,69750700
2025-08-20,630.8265133126017,631.0829764734092,624.4629872631401,629.5537719726562,88890300
2025-08-21,627.7483287539096,629.4156102095885,625.3114169787772,627.028076171875,54805800
2025-08-22,629.2084140029245,637.8312114652382,628.70524285572,636.6571655273438,84083200
2025-08-25,635.404241216521,636.6374803454853,633.736899505491,633.8552856445312,51274300
2025-08-26,633.5888838455812,636.85449832521,632.9673265691392,636.5091552734375,51581600
2025-08-27,635.9271580330511,638.6896016147832,635.7791452521487,637.9595336914062,48341100
2025-08-28,638.5613448732837,640.7712997557803,636.6868575289449,640.2188110351562,61519500
2025-08-29,638.7881685836082,639.1532627231435,634.5162720889837,636.400634765625,74522200
2025-09-02,628.9518765829083,631.9017745733,626.406454480519,631.6847534179688,81983500
2025-09-03,634.05255551225,635.5719445130327,631.8722274787872,635.1082153320312,70820900
2025-09-04,635.7791465574808,640.4457643382553,634.8813749728572,640.4161376953125,65219200
2025-09-05,642.7443549194211,643.4646073746923,634.7036735299132,638.5612182617188,85178900
2025-09-08,639.922799046398,641.1264716601992,638.5514227841185,640.1300048828125,63133100
2025-09-09,640.268114410177,642.1327863823664,638.54157966928,641.6099243164062,66133900
2025-09-10,644.8557277247635,645.7732503039375,641.9058297062181,643.4646606445312,78034500
2025-09-11,645.4081991313436,649.5025765403432,644.8261440671411,648.8119506835938,69934400
2025-09-12,648.7824254618777,650.272187984056,648.0918597139254,648.594970703125,72780100
2025-09-15,650.7950437367242,652.1762353081463,650.499078415473,652.0479736328125,63772400
2025-09-16,652.6004065429622,652.9063076016578,650.3707611688836,651.150146484375,61169000
2025-09-17,651.1600740883537,652.8471065185831,645.5266166017295,650.3411865234375,101952200
2025-09-18,653.0148488941834,655.9746224265324,651.4165760040546,653.3798828125,90459200
2025-09-19,655.2606553211801,657.4569312262267,653.3215535907623,656.6160278320312,97945600
2025-09-22,655.131983947701,660.1676217378205,655.1022751701781,659.7224731445312,69452200
2025-09-23,659.6037107504653,660.2171487108257,654.9143129749383,656.1312255859375,81708900
2025-09-24,657.4173382288552,657.5162467217733,652.6289715744526,654.043701171875,68082200
2025-09-25,650.91749472694,652.3717757310584,647.4251431178142,651.0263061523438,89622100
2025-09-26,652.4706399599011,655.3000988687553,650.8580331559431,654.7559814453125,69179200
2025-09-29,657.2689872647139,658.1792111877495,654.7956708332731,656.5962524414062,73499000
2025-09-30,655.8541471878013,659.5344728182262,654.5482290856307,659.0694580078125,86288000
2025-10-01,656.0916347397471,662.2254710850941,655.9828233173913,661.3153076171875,72545400
2025-10-02,663.2939389771905,663.4126533220159,659.6631277666079,662.0770263671875,56896000
2025-10-03,662.8389040732001,665.5001949823258,661.0284195287326,662.0672607421875,70494400
2025-10-06,664.451431246289,665.3319462864663,662.314512664693,664.4415283203125,54623300
2025-10-07,665.3616905172978,665.8068995645011,660.5436748009873,661.9782104492188,72020100
2025-10-08,663.0960778489103,666.0245059882836,662.2749199573431,665.925537109375,60702200
2025-10-09,666.3410972158545,666.7466945063586,662.0671995495462,663.996337890625,66501900
2025-10-10,664.9560020556908,666.7565834688588,645.8719162752307,646.0499877929688,159422600
2025-10-13,653.5985682812151,658.030731623523,652.7279561413051,655.9630126953125,79560500
2025-10-14,650.1556923521978,658.7232938317348,646.1983862715207,655.1616821289062,88779600
2025-10-15,659.70272543157,663.076302337462,651.8969246006144,658.0703125,81702600
2025-10-16,659.7027147054259,661.5725563129243,650.0963324960569,653.5886840820312,110563300
2025-10-17,652.4608239631079,658.6540174880462,651.1153544209424,657.2986450195312,96500900
2025-10-20,660.197387427611,665.0352086527322,660.1479331778372,664.1348876953125,60493400
2025-10-21,664.2733620876278,665.8068060270512,662.8289237149189,664.1249389648438,56249000
2025-10-22,664.8273632729761,664.8273632729761,656.2202112252926,660.6721801757812,80564000
2025-10-23,660.988802941274,665.5298380529869,660.6722112216523,664.5899658203125,65604500
2025-10-24,669.2398161192735,671.2283116328227,668.4384640813665,670.0213623046875,74356500
2025-10-27,675.4428672302427,678.2228723013301,674.8393925526769,677.9260864257812,63339800
2025-10-28,679.7167206093349,681.5568533012904,677.520444889974,679.7266235351562,61738100
2025-10-29,681.3688612448931,682.338442194909,675.5813258562629,680.0531005859375,85657100
2025-10-30,676.600418646911,678.6186229721906,672.5738525390625,672.5738525390625,76335800
2025-10-31,677.728264242081,677.7678759511788,671.9901821072642,674.7800903320312,87164100
2025-11-03,678.3514739521635,678.4800912258883,672.6826525168186,676.04638671875,57315000
2025-11-04,668.8934850512616,672.702428076588,667.3798469971412,668.0327758789062,78427000
2025-11-05,667.7755543304748,673.5927987432043,666.9742023136038,670.3478393554688,74402400
2025-11-06,669.2497429273029,670.1500639573375,661.5824616992899,663.155517578125,85035300
2025-11-07,660.781013040124,663.9172214121945,654.1525740278607,663.808349609375,100592400
2025-11-10,670.011442763763,674.8987178962867,667.8250699305912,674.1666259765625,75842900
2025-11-11,672.6925881240425,676.2739453424548,671.4855783543771,675.7100219726562,58953400
2025-11-12,677.4808612736824,677.6490902522322,673.6818813898049,676.0859375,62312500
2025-11-13,673.2367288900627,673.5928719621189,663.3632690735044,664.8670043945312,103457800
2025-11-14,658.2779810319527,668.4482246562536,656.1905168956082,664.758056640625,96846700
2025-11-17,662.5519561070769,666.5191649555097,655.1022987242936,658.56494140625,90456100
2025-11-18,655.0330052616243,658.0207904035176,648.8596179987588,653.0346069335938,114467500
2025-11-19,653.7272041810384,660.2171837101976,651.7188423695233,655.5574340820312,94703000
2025-11-20,665.7276649913678,668.3494043558474,644.9320631333248,645.5652465820312,165293500
2025-11-21,648.0582892153691,657.4568906385811,643.9031059831046,651.995849609375,123956200
2025-11-24,655.6167748873626,662.9081062970187,654.5285399004904,661.59228515625,80437900
2025-11-25,661.4933747936815,668.9924864834618,657.3876457131933,667.815185546875,81077100
2025-11-26,670.3973686817876,674.4239350690651,669.4970476879164,672.4254760742188,71879600
2025-11-28,673.5928002628821,676.3728052050843,673.2366572287348,676.0958251953125,49212000
2025-12-01,671.5647168500374,675.7000943604489,671.4954567492206,673.0091552734375,61201200
2025-12-02,674.6414676887413,676.5212120744054,672.0791460292079,674.2556762695312,62953800
2025-12-03,673.3059439079583,677.5995871066391,672.4353317565424,676.5905151367188,57238500
2025-12-04,677.9854656605314,678.0547257643626,674.0677712084201,677.085205078125,61970300
2025-12-05,678.1535936302283,681.0424704296607,677.2731389541586,678.3712768554688,79241000
2025-12-08,679.2617413091358,679.3111955598065,674.2953027143022,676.3333129882812,55231500
2025-12-09,675.8584445640498,678.0745263345831,675.3044241214166,675.7495727539062,58310100
2025-12-10,675.2746659471688,681.6162219852988,674.0380078724895,680.231201171875,85671300
2025-12-11,677.82719343181,681.8933109790751,674.8888622374254,681.8141479492188,86173700
2025-12-12,680.8248329648462,681.5272765513724,671.9208940415416,674.4832763671875,113160300
2025-12-15,678.4207690042323,678.4405748577324,672.0000494482242,673.4642333984375,90811000
2025-12-16,671.9802275249427,673.8105178026394,667.7755898483048,671.6240844726562,122030600
2025-12-17,672.6331978735437,673.1773153631458,664.035948310003,664.2338256835938,110625200
2025-12-18,670.3675775068244,673.4740770479272,667.6964444022054,669.2496337890625,108650100
2025-12-19,671.3463691548195,675.8114935895343,671.2272434527378,675.3153686523438,103599500
2025-12-22,678.639344063116,680.0483218496023,675.3153313921905,679.5224609375,69556700
2025-12-23,678.6194459960617,682.8663040830753,678.569845619967,682.628173828125,64840000
2025-12-24,682.6183200290311,685.4760045408373,682.4694583215327,685.0294799804688,39445600
2025-12-26,685.2874813951044,686.2995351048382,683.9281038851597,684.9600219726562,41613300
2025-12-29,682.2114479341877,683.8586166189733,680.7528697076866,682.51904296875,62559500
2025-12-30,682.1221392108215,683.2235219572843,681.2588867271484,681.685546875,47160700
2025-12-31,681.8145855439083,682.0328514439952,676.4266760541103,676.635009765625,74144800
2026-01-02,680.3956585252009,681.5466416904673,674.5512924418268,677.8753051757812,89377200
2026-01-05,681.2192280630002,684.0868448237256,681.0604947255163,682.3900756835938,71927200
2026-01-06,682.5984300063299,686.9544213697425,682.4496288665487,686.4483642578125,69273800
2026-01-07,686.8254142672773,688.5817158514149,683.9776620917838,684.2356567382812,75588300
2026-01-08,683.4815439165204,685.2675815209567,682.1618346683338,684.1661987304688,64019200
2026-01-09,685.2775150455628,689.9212370510019,683.8387406584166,688.6908569335938,80125500
2026-01-12,685.3271398200249,690.6952455853734,685.2775394384523,689.7723999023438,63976000
2026-01-13,690.0998291255927,690.6952153647912,685.9919002674054,688.3931884765625,78309700
2026-01-14,685.6446369497345,686.3590277621203,680.7230559588451,685.0095825195312,94676700
2026-01-15,689.1870202593807,690.0602050162862,685.8927433241695,686.8750610351562,77862000
2026-01-16,688.2839991969948,688.869453251486,684.7515921796883,686.2994995117188,79289200
2026-01-20,676.2082832182709,679.4628915199756,671.3264313278333,672.32861328125,111623300
2026-01-21,674.3826370735425,683.402154325963,672.8743979165272,680.0880737304688,127844500
2026-01-22,684.5035723961656,685.7736813437502,681.5962874434288,683.6403198242188,77112200
2026-01-23,682.8167194920136,685.6049389887335,681.8343413244536,683.8883056640625,63059600
2026-01-26,685.1386369609629,688.7504412014587,684.5730472396109,687.3612670898438,60473800
2026-01-27,688.799947686109,691.1317710154308,688.1946898528689,690.0997924804688,55506100
2026-01-28,691.6477064811113,692.4316225777728,688.5618241580821,690.0303344726562,61172200
2026-01-29,690.9928952881424,691.657685737667,679.5224893166136,688.6610717773438,97486200
2026-01-30,686.4285800085149,688.8298685233847,681.7947896393288,686.607177734375,101835100
2026-02-02,684.2356737126761,691.5286859406688,684.0768798206813,690.0204467773438,79286500
2026-02-03,690.8142565672537,691.5584439188771,678.7286612443456,684.18603515625,107904600
2026-02-04,684.9996810996682,686.0911923060062,676.4762885369656,680.8719482421875,105204600
2026-02-05,675.6626239798336,678.3913111024622,670.5525129616972,672.3683471679688,113610800
2026-02-06,676.1785962582386,686.9444827733389,675.5732778299765,685.267578125,89127600
2026-02-09,684.0768565720822,690.4768800480663,683.0052703670985,688.57177734375,73885200
2026-02-10,689.5640042757049,691.1416475283962,686.2994637039938,686.7559204101562,65185700
2026-02-11,690.9928885783248,691.7370759669038,683.8387453470867,686.5972290039062,76353900
2026-02-12,688.8595645054852,689.9609473653614,675.097063165144,675.9901123046875,118829000
2026-02-13,676.4067760275798,680.96122930703,672.2691112734435,676.46630859375,96267500
2026-02-17,674.8688419019007,679.6316291710169,670.5426469985775,677.5578002929688,81354700
2026-02-18,678.7187643851827,683.8090109802145,677.53798463666,680.9711303710938,73570300
2026-02-19,678.5401770095443,680.8620077880265,676.2678860499572,679.1751708984375,58649400
2026-02-20,677.0319706522042,684.71197532004,676.4465165538227,684.0868530273438,100034000
2026-02-23,682.4992209190492,684.6523861034582,675.0970153480879,677.1013793945312,90558100
2026-02-24,676.6151751251432,683.0151380016027,674.7298762460771,682.0228881835938,73798700
2026-02-25,684.8310015582731,688.3038760705598,684.7516046120257,687.7780151367188,56369500
2026-02-26,687.9069589925494,687.926762805978,679.0461151309984,683.957763671875,71671000
2026-02-27,677.795973699009,681.5367144347911,676.35719931042,680.6734619140625,83308900
2026-03-02,673.4399535831263,683.2830546740443,672.765230984366,681.0604248046875,87477200
2026-03-03,669.8281968363514,677.3196712649806,664.4700232973693,675.057373046875,105003100
2026-03-04,676.3473157204403,681.7650220692323,674.3528836974749,679.8201904296875,79182200
2026-03-05,676.7937758642711,680.2170498641997,670.3738880206191,676.0297241210938,106606500
2026-03-06,668.1908700160953,670.869956423512,664.569194806431,667.1688842773438,100687000
2026-03-09,661.2253729422058,674.650481531912,657.2563736570586,673.0133056640625,102667700
2026-03-10,672.4675558251363,678.0638596518006,669.5305349566006,671.9317626953125,81505300
2026-03-11,672.3286912573745,674.8093159596237,668.1215614523004,671.08837890625,68441700
2026-03-12,665.9583993556241,666.4446526664856,660.7094193200438,660.89794921875,108882200
2026-03-13,664.0831110227487,667.1293254881115,656.2343803863124,657.1571655273438,97200200
2026-03-16,663.1999840519829,666.8613885560293,661.9497395049242,663.844970703125,82023100
2026-03-17,667.1788836379297,669.2129836950214,664.5097291491037,665.5912475585938,87128000
2026-03-18,663.1800557566115,664.5295009374192,656.0656417127632,656.3037719726562,82062600
2026-03-19,651.8783174953539,657.8417484417536,650.0922799802194,654.6864013671875,111272500
2026-03-20,653.2010079047443,653.380093364961,641.4703940766159,645.301025390625,163617500
2026-03-23,654.7531040433624,659.2801583045331,650.6439158314106,652.07666015625,134802700
2026-03-24,648.0371459178807,653.7183875512989,646.604401549905,649.8877563476562,96457500
2026-03-25,655.3500504609481,657.5588924447279,650.9423865337293,653.5093994140625,90653800
2026-03-26,648.773401781548,651.5493174066021,641.5699034672713,641.8385620117188,96494400
2026-03-27,639.2615657472361,639.4207325687934,629.9188801961861,630.8939819335938,103649400
2026-03-30,636.8836547011163,637.1423539459004,626.108284608157,628.78466796875,99275900
2026-03-31,635.719508676349,648.255975728372,634.7643255692599,647.0620727539062,152534100
2026-04-01,650.6041659517412,655.2008748639518,649.7086779392242,651.9373779296875,97841500
2026-04-02,643.161809607987,654.8824636102106,641.858414876014,652.5244140625,68358700
2026-04-06,652.5542919409455,656.3948220300638,652.2160396308291,655.6088256835938,39105800
2026-04-07,653.3402849463747,656.285326673986,647.7784337275787,655.8972778320312,69980400
2026-04-08,672.980811715349,673.6673363432215,668.0756676404139,672.6027221679688,93606100
2026-04-09,671.438579338256,677.7266707213284,670.3739652533407,676.4829711914062,57134400
2026-04-10,677.885949822129,678.5923930707559,675.0304203424645,676.0353393554688,42253500
2026-04-13,673.9956432299357,682.8408497944083,673.1698703787699,682.641845703125,54185800
2026-04-14,684.2238203737314,691.0791070995066,684.193942434314,690.959716796875,63480500
2026-04-15,691.7557051691649,696.7504224001667,690.7010502942645,696.412109375,58240400
2026-04-16,697.5264615426626,699.2378238459212,695.0092450197437,698.1234130859375,49972400
2026-04-17,702.5808909886877,708.7993894133457,702.2028014262665,706.5607299804688,70661900
2026-04-20,705.20752199003,706.3317705126415,702.5808139687996,705.1477661132812,43546800
2026-04-21,706.7000123508461,707.6949720613851,699.098505587723,700.53125,58941400
2026-04-22,705.5756906371417,707.8640857857167,704.6503246823615,707.6253051757812,42518500
2026-04-23,705.9239069650033,708.7694771316526,698.7403270820959,704.8792114257812,56174000
2026-04-24,707.1676287635845,710.8688498134599,705.4364085481575,710.341552734375,45182000
2026-04-27,709.5753882284523,712.023010938504,708.7097781525541,711.5653076171875,33135900
2026-04-28,708.2321938525355,709.2868486650957,705.6751402340362,708.1028442382812,43117400
2026-04-29,707.4163145996059,708.6102783309316,704.7995658491443,707.993408203125,41859200
2026-04-30,711.0280636665188,716.1620290590424,706.8691393587039,715.0377197265625,67240900
2026-05-01,717.6146516977453,721.216400793299,716.8385540170647,717.0177001953125,43049800
2026-05-04,716.4406056700121,718.4802608161392,711.3861936216806,714.3909912109375,51950600
2026-05-05,718.1320898558575,721.3855668152729,717.8534719876392,720.1220092773438,36933200
2026-05-06,724.489821452625,730.8874657022126,724.1515691652952,730.1312866210938,53288900
2026-05-07,731.3451201928577,732.4196936796947,726.0718458933673,727.8926391601562,51724600
2026-05-08,731.2257166531052,734.359863963193,730.8675457398152,733.9021606445312,47227100
2026-05-11,732.7380586745534,737.0561496205491,732.7380586745534,735.5736694335938,44024000
2026-05-12,733.1758744234386,735.1160580011854,728.1413807257971,734.4593505859375,54185300
2026-05-13,734.7478704606156,740.1604537310201,731.7629913201908,738.5685424804688,44200200
2026-05-14,739.9018102364839,745.7521781705404,739.8122371427646,744.3989868164062,45307600
2026-05-15,738.0511867146383,739.712813256131,734.2405345152865,735.4443969726562,60410800
2026-05-18,736.1010471042457,737.682999009625,729.6935042484962,734.927001953125,47843900
2026-05-19,731.0765556379026,733.9320852676053,727.8429364442825,730.0317993164062,54255900
2026-05-20,732.0018002736176,738.1307251173267,730.1909663879147,737.5138549804688,45768000
2026-05-21,734.9170485709385,741.1156280791548,733.3151780259534,738.9764404296875,43332200
2026-05-22,742.4787264390759,745.1651298094138,740.7275876279662,741.8817749023438,41762000
2026-05-26,746.2297301040182,748.3390397979183,744.5979816306177,746.8068237304688,41123600
2026-05-27,747.0953563113346,747.5928361692701,744.4487294597059,746.677490234375,42106300
2026-05-28,746.4685193943138,751.3438462445121,745.4536410614309,750.7965698242188,41562600
2026-05-29,752.0900813404212,754.2590862562773,750.8861582097875,752.6671142578125,55075700
2026-06-01,751.5527711685265,756.4480167905853,750.8861651495049,754.7167358398438,43634900
2026-06-02,753.2144012702464,756.5674107365072,752.9357833937803,755.7415771484375,31581900
2026-06-03,754.3287420712209,754.9754294579049,749.7718095132926,750.4384155273438,51402500
2026-06-04,748.3091480570178,754.4878695071194,747.6823186029123,753.2740478515625,49923000
2026-06-05,748.5181345185488,749.0255736853693,731.82274221843,733.83251953125,93989400
2026-06-08,739.6132273185567,741.5832888174093,734.4693026781229,735.4940795898438,49319100
2026-06-09,739.881873688386,743.1354112835509,718.9479438267383,733.3350219726562,87683500
2026-06-10,729.69352181897,734.6583610930755,721.6741489247238,721.7736206054688,60341300
2026-06-11,725.0868662900759,736.2702039965386,720.7587550057447,734.04150390625,86330500
2026-06-12,736.9766163198905,740.6877965432628,731.3252525489901,738.0113525390625,57079500
2026-06-15,748.0604304424444,752.8661028247,747.9709180763429,751.0254516601562,60176400
2026-06-16,750.7468576807364,751.6323864215939,746.100412710964,746.5481567382812,67093100
2026-06-17,747.5032315039188,748.3589429763433,735.4940609532621,737.225341796875,85945200
2026-06-18,745.907751654771,746.3765582049119,742.0173878962117,744.8902587890625,80875700
2026-06-22,745.8479411927095,748.321778689857,741.2892538871644,742.546142578125,46628100
2026-06-23,731.9922892059834,737.7978798883457,730.4860198600484,731.7628784179688,66846800
2026-06-24,733.3489180103626,738.1171068570358,729.0296875445486,731.4237060546875,57439500
2026-06-25,737.0796452204372,737.5385276888334,727.7927091295785,732.4810791015625,53934400
2026-06-26,727.144386135875,734.7056273477464,714.8050317832251,727.1842651367188,71034000
2026-06-29,734.7055914816465,739.7231001504891,730.27658724538,739.1644897460938,58035200
2026-06-30,739.4537599262709,746.1671307285668,739.0547872797607,744.9202270507812,55626000
2026-07-01,743.1545925484338,747.5835968507926,740.541087308444,743.9127197265625,47100900
2026-07-02,745.5486859530862,749.4489739445169,738.1969465958291,742.9351806640625,57447800
2026-07-06,746.885320136641,750.5462122974698,745.5585975722108,749.4190673828125,50673300
2026-07-07,748.3616416292718,749.0998597580657,743.364102770238,745.85791015625,43721500
2026-07-08,741.3191472958572,744.3017921335774,737.6782249675691,743.5536499023438,43767400
2026-07-09,745.4987759890873,750.1073272936331,743.7431866839036,749.8480224609375,41441700
2026-07-10,750.187115173852,753.5487626123848,746.2468873823584,753.0799560546875,42191300
2026-07-13,750.6060836597362,752.0425191788765,746.1471851864706,747.3142700195312,44013600
2026-07-14,749.0499474324819,751.4739818301254,746.8055207475287,749.9677124023438,35143100
2026-07-15,752.3717122204262,753.7084197839658,748.3417413555546,752.9403076171875,43844800
2026-07-16,750.8953984161742,752.7009125511715,746.0274814662645,748.8604125976562,46409800
2026-07-17,740.241827732839,745.438883195828,738.9649691671198,741.4487915039062,62651000
2026-07-20,745.2094908804986,746.8753371556621,739.6732506975046,740.2518310546875,50422300
2026-07-21,744.4413918284653,747.1845799829406,742.3366329839115,746.426513671875,34324300
2026-07-22,744.7705725456777,748.1621748950539,744.5211918106933,745.55859375,32836200
2026-07-23,737.5385562389782,740.7206569606348,733.3888874570794,736.3515014648438,55437300
2026-07-24,736.6806667930385,741.8777222786117,735.4636571620507,737.099609375,44782000
2026-07-27,743.0648074406847,743.6833276942111,734.0472217265344,737.25927734375,41461200
2026-07-28,737.3589950224286,740.9500533043114,734.156924420905,739.0248413085938,47322200
2026-07-29,738.1370526174048,740.8403618199718,727.2939826612791,727.6531372070312,70697200
2026-07-30,734.2267392747757,740.6109103701467,732.7703947650456,739.852783203125,66811300
2026-07-31,742.835410914187,747.0449895804718,735.8527500027326,745.1796264648438,62445900
2026-08-03,747.5836183167282,756.7009928898597,746.9451890027125,755.793212890625,59927500
2026-08-04,758.7458651152236,771.494176400126,758.6361522059436,769.4193725585938,69154800
2026-08-05,773.928165423025,774.9256883846499,767.6039039413469,767.8831787109375,44689100
2026-08-06,768.3021872511085,769.9081846177485,765.5589990885744,766.65625,38416900
2026-08-07,769.1101628301597,772.0029428489042,767.703621378493,771.3446044921875,43586300
2026-08-10,770.6861849056471,773.1301282404592,769.7086319253093,771.1151733398438,39249500
2026-08-11,772.6115040483734,772.6912620504304,767.2946895097219,768.6513061523438,36740600
2026-08-12,772.7910096110111,772.9805414027246,769.369513273419,770.5764770507812,33179100
2026-08-13,772.9506321027081,777.4394855444215,772.1925048911166,775.9531860351562,35634500
2026-08-14,776.6114939657781,776.8708596736758,773.509212209858,774.4169921875,31367900
2026-08-17,774.2573577843602,774.8559080861019,770.5964655970525,770.7560424804688,34356600
2026-08-18,766.7959149360092,767.5939211307613,765.0202948350139,765.5490112304688,43920900
2026-08-19,768.4517358705159,770.5564946026684,766.1973243479778,767.1549682617188,40306000
2026-08-20,764.0627220124634,766.2472997692572,760.1523881029335,760.7109985351562,45520300
2026-08-21,764.1524418077088,765.9479709365374,762.2770937955632,763.8232421875,39188700
2026-08-24,762.8856098637509,763.3244615010249,760.1922857963137,761.5787963867188,32430900
2026-08-25,764.262137078792,764.8806573052586,761.159855395616,764.0127563476562,27422300
2026-08-26,762.8356805789958,765.449185749943,762.0376744224566,764.182373046875,28751600
2026-08-27,766.5964060257239,770.4468300957561,765.2596984507333,769.18994140625,34557100
2026-08-28,769.8483393622295,773.3795487683207,766.4068729286823,767.4442749023438,36744300
2026-08-31,765.4292990280279,766.097622354185,762.8257178677422,765.1499633789062,38810800
